,Category,Subject,Link
0,Academic Writing,Academic Writing Support,https://guides.library.lincoln.ac.uk/aws
1,Accountancy,Accountancy & Finance Library Guide,https://guides.library.lincoln.ac.uk/accountancyandfinance
2,Advertising,Advertising and Marketing,https://guides.library.lincoln.ac.uk/advertisingandmarketing
3,Agriculture,Life Sciences,https://guides.library.lincoln.ac.uk/lifesci
4,Allied Health Professions,"Nursing, Health & Social Care and Allied Health Professions",https://guides.library.lincoln.ac.uk/nursing
5,Animal Behaviour and Welfare,Life Sciences,https://guides.library.lincoln.ac.uk/lifesci
6,Animation,Media Production,https://guides.library.lincoln.ac.uk/c.php?g=110723
7,Architecture,Architecture,https://guides.library.lincoln.ac.uk/architecture
8,Art history,Art History,https://guides.library.lincoln.ac.uk/c.php?g=664813
9,Audio Production,Audio Production,https://guides.library.lincoln.ac.uk/audio
10,Biochemistry,Life Sciences,https://guides.library.lincoln.ac.uk/lifesci
11,Biology,Life Sciences,https://guides.library.lincoln.ac.uk/lifesci
12,Biomedical Science,Life Sciences,https://guides.library.lincoln.ac.uk/lifesci
13,Biotechnology,Life Sciences,https://guides.library.lincoln.ac.uk/lifesci
14,Bioveterinary Science,Life Sciences,https://guides.library.lincoln.ac.uk/lifesci
15,Business,Business and Management Guide,https://guides.library.lincoln.ac.uk/businessandmanagement
16,Chemistry,Chemistry,https://guides.library.lincoln.ac.uk/chemistry
17,Classical Studies,Classical Studies,https://guides.library.lincoln.ac.uk/c.php?g=664812
18,Computer Information Systems,Computer Science,https://guides.library.lincoln.ac.uk/compsci
19,Computer Science,Computer Science,https://guides.library.lincoln.ac.uk/compsci
20,Conservation,Conservation,https://guides.library.lincoln.ac.uk/c.php?g=665102
21,Construction Science,Architecture,https://guides.library.lincoln.ac.uk/architecture
22,Contemporary Lens Media,Media Production,https://guides.library.lincoln.ac.uk/c.php?g=110723
23,Creative Advertising,Fine Art and Design,https://guides.library.lincoln.ac.uk/artanddesign
24,Criminology,Criminology,https://guides.library.lincoln.ac.uk/criminology
25,Dance,Dance,https://guides.library.lincoln.ac.uk/dance
26,Design for Exhibition and Museums,Architecture,https://guides.library.lincoln.ac.uk/architecture
27,Drama,Drama,https://guides.library.lincoln.ac.uk/drama
28,Economics,Economics library guide,https://guides.library.lincoln.ac.uk/economics
29,Education,Education,https://guides.library.lincoln.ac.uk/education
30,Education,The National Teaching Fellowship Scheme (NTFS),https://guides.library.lincoln.ac.uk/NTFS
31,Engineering,Engineering,https://guides.library.lincoln.ac.uk/engineering
32,English,English,https://guides.library.lincoln.ac.uk/English
33,Events Management,Events Management,https://guides.library.lincoln.ac.uk/eventsmanagement
34,Fashion,Fashion,https://guides.library.lincoln.ac.uk/fashion
35,Fashion Management,Fashion Management,https://guides.library.lincoln.ac.uk/FashionManagement
36,Film and Television,Film & Television,https://guides.library.lincoln.ac.uk/c.php?g=110726
37,Finance,Accountancy & Finance Library Guide,https://guides.library.lincoln.ac.uk/accountancyandfinance
38,Fine Art,Fine Art and Design,https://guides.library.lincoln.ac.uk/artanddesign
39,Food,Agri-Food Technology,https://guides.library.lincoln.ac.uk/c.php?g=657134
40,Food,Food Science and Technology,https://guides.library.lincoln.ac.uk/food
41,Forensic Chemistry,Chemistry,https://guides.library.lincoln.ac.uk/chemistry
42,Forensic Science,Chemistry,https://guides.library.lincoln.ac.uk/chemistry
43,Games Computing,Computer Science,https://guides.library.lincoln.ac.uk/compsci
44,Geography,Geography,https://guides.library.lincoln.ac.uk/c.php?g=599689
45,Graphic Design,Fine Art and Design,https://guides.library.lincoln.ac.uk/artanddesign
46,Health and Social Care,"Nursing, Health & Social Care and Allied Health Professions",https://guides.library.lincoln.ac.uk/nursing
47,History,History,https://guides.library.lincoln.ac.uk/history
48,Human Resource Management (HRM),Human Resource Management (HRM),https://guides.library.lincoln.ac.uk/hrm
49,Illustration,Fine Art and Design,https://guides.library.lincoln.ac.uk/artanddesign
50,Interactive Design,Fine Art and Design,https://guides.library.lincoln.ac.uk/artanddesign
51,Interior Architecture and Design,Architecture,https://guides.library.lincoln.ac.uk/architecture
52,International Business,International Business library guide,https://guides.library.lincoln.ac.uk/internationalbusiness
53,International Relations,International Relations,https://guides.library.lincoln.ac.uk/ir
54,Journalism,Journalism and Public Relations,https://guides.library.lincoln.ac.uk/journalism
55,Law,Law,https://guides.library.lincoln.ac.uk/law
56,Learning Development,Learning Development: Training and guidance,https://guides.library.lincoln.ac.uk/learningdevelopment
57,Management,Business and Management Guide,https://guides.library.lincoln.ac.uk/businessandmanagement
58,Management,Integrated Management Development Programme (IMDP),https://guides.library.lincoln.ac.uk/imdp
59,Management - Distance Learners,Distance Learners: Management courses,https://guides.library.lincoln.ac.uk/managementdistancelearners
60,Marketing,Advertising and Marketing,https://guides.library.lincoln.ac.uk/advertisingandmarketing
61,Mathematics,Mathematics and Physics,https://guides.library.lincoln.ac.uk/maths
62,Maths and Stats Help,MASH Guide,https://guides.library.lincoln.ac.uk/mash
63,Media Production,Media Production,https://guides.library.lincoln.ac.uk/c.php?g=110723
64,Modern Languages,Modern Languages library guide,https://guides.library.lincoln.ac.uk/modernlanguages
65,Music,Music,https://guides.library.lincoln.ac.uk/c.php?g=231883
66,Nursing,"Nursing, Health & Social Care and Allied Health Professions",https://guides.library.lincoln.ac.uk/nursing
67,Pharmaceutical Science,Pharmaceutical Science (BSc),https://guides.library.lincoln.ac.uk/pharmaceuticalscience
68,Pharmacy,Pharmacy (MPharm),https://guides.library.lincoln.ac.uk/pharmacy
69,Philosophy,Philosophy,https://guides.library.lincoln.ac.uk/c.php?g=654724
70,Physics,Mathematics and Physics,https://guides.library.lincoln.ac.uk/maths
71,Physiotherapy,"Nursing, Health & Social Care and Allied Health Professions",https://guides.library.lincoln.ac.uk/nursing
72,Politics,Politics,https://guides.library.lincoln.ac.uk/politics
73,Product Design,Fine Art and Design,https://guides.library.lincoln.ac.uk/artanddesign
74,Psychology,APA 6th Edition - University of Lincoln,https://guides.library.lincoln.ac.uk/APA
75,Psychology,Psychology,https://guides.library.lincoln.ac.uk/psychology
76,Public Relations,Journalism and Public Relations,https://guides.library.lincoln.ac.uk/journalism
77,Social Computing,Computer Science,https://guides.library.lincoln.ac.uk/compsci
78,Social Policy,Social Policy,https://guides.library.lincoln.ac.uk/socialpolicy
79,Social Work,Social Work,https://guides.library.lincoln.ac.uk/social_work
80,Sociology,Sociology,https://guides.library.lincoln.ac.uk/sociology
81,Sport,Sport and Exercise Science,https://guides.library.lincoln.ac.uk/sport
82,Sport Business Management,Sports Business Management,https://guides.library.lincoln.ac.uk/sbm
83,Tourism,Tourism,https://guides.library.lincoln.ac.uk/tourism
84,UN Professional Doctorate,UN Professional Doctorates,https://guides.library.lincoln.ac.uk/unprofessionaldoctorates
85,Zoology,Life Sciences,https://guides.library.lincoln.ac.uk/lifesci
