,Category,Subject,Link
0,Accounting,Accounting Research Guide,https://libguides.depaul.edu/accounting
1,Accounting,Business Ethics Research Guide,https://libguides.depaul.edu/businessethics
2,African & Black Diaspora Studies,African American Studies Research Guide,https://libguides.depaul.edu/africanamerican
3,African & Black Diaspora Studies,African Art Research Guide,https://libguides.depaul.edu/africanart
4,African & Black Diaspora Studies,African Studies Research Guide,https://libguides.depaul.edu/africanstudies
5,American Studies,1893 Columbian Exposition Research Guide,https://libguides.depaul.edu/1893
6,American Studies,American Studies Research Guide,https://libguides.depaul.edu/americanstudies
7,American Studies,Elections,https://libguides.depaul.edu/elections
8,American Studies,Native American Studies Research Guide,https://libguides.depaul.edu/nativeamericanstudies
9,"Animation, Game Development & Interactive Media","Digital Media, Animation & Game Development Research Guide",https://libguides.depaul.edu/digitalmedia
10,Anthropology,African Studies Research Guide,https://libguides.depaul.edu/africanstudies
11,Anthropology,Anthropology Research Guide,https://libguides.depaul.edu/anthropology
12,Anthropology,Country Information (A How-To Guide),https://libguides.depaul.edu/countryinformation
13,Anthropology,Native American Studies Research Guide,https://libguides.depaul.edu/nativeamericanstudies
14,Arabic Studies,Modern Languages Research Guide,https://libguides.depaul.edu/languages
15,Art & Architecture,African Art Research Guide,https://libguides.depaul.edu/africanart
16,Art & Architecture,Art History Research Guide,https://libguides.depaul.edu/art
17,Art & Architecture,Asian Art Research Guide,https://libguides.depaul.edu/asianart
18,Art & Architecture,Classics Research Guide,https://libguides.depaul.edu/classics
19,Art & Architecture,Community Archives,https://libguides.depaul.edu/CommunityArchives
20,Art & Architecture,DePaul University Archives,https://libguides.depaul.edu/dpuarchives
21,Art & Architecture,Digital Images: How to Find Them,https://libguides.depaul.edu/digitalimages
22,Art & Architecture,Latin-American & Caribbean Art Research Guide,https://libguides.depaul.edu/LatinArt
23,Art & Architecture,Photography Research Guide,https://libguides.depaul.edu/photography
24,Art & Architecture,Rare Book & Map Resources,https://libguides.depaul.edu/rare-books-maps
25,Biology,Biology Research Guide,https://libguides.depaul.edu/biology
26,Biology,Chemistry & Biochemistry Research Guide,https://libguides.depaul.edu/chemistry
27,Biology,Neuroscience,https://libguides.depaul.edu/neuroscience
28,Business,Accounting Research Guide,https://libguides.depaul.edu/accounting
29,Business,Business Ethics Research Guide,https://libguides.depaul.edu/businessethics
30,Business,Companies & Industries Research Guide,https://libguides.depaul.edu/businessdatabases
31,Business,Doctorate in Business Administration Guide,https://libguides.depaul.edu/DBA
32,Business,Economics Research Guide,https://libguides.depaul.edu/economics
33,Business,Entrepreneurship Research Guide,https://libguides.depaul.edu/entrepreneurship
34,Business,Finance Research Guide,https://libguides.depaul.edu/finance
35,Business,Islamic Banking and Finance Research Guide,https://libguides.depaul.edu/islamicbanking
36,Business,Management Research Guide,https://libguides.depaul.edu/management
37,Business,Marketing Research Guide,https://libguides.depaul.edu/marketing
38,Business,Public Relations & Advertising Research Guide,https://libguides.depaul.edu/pubrelations_advertising
39,Catholic Studies,Catholic Studies Research Guide,https://libguides.depaul.edu/catholicstudies
40,Catholic Studies,Community Archives,https://libguides.depaul.edu/CommunityArchives
41,Catholic Studies,Rare Book & Map Resources,https://libguides.depaul.edu/rare-books-maps
42,Catholic Studies,Religious Studies Research Guide,https://libguides.depaul.edu/religiousstudies
43,Catholic Studies,Vincentian Studies Collection,https://libguides.depaul.edu/vincentianstudies
44,Chemistry & Biochemistry,Biology Research Guide,https://libguides.depaul.edu/biology
45,Chemistry & Biochemistry,Chemistry & Biochemistry Research Guide,https://libguides.depaul.edu/chemistry
46,Chemistry & Biochemistry,Environmental Science & Studies Research Guide,https://libguides.depaul.edu/environmental
47,Chemistry & Biochemistry,Physics Research Guide,https://libguides.depaul.edu/physics
48,Chicago,1893 Columbian Exposition Research Guide,https://libguides.depaul.edu/1893
49,Chicago,Chicago Research Guide,https://libguides.depaul.edu/chicago
50,Chicago,Community Archives,https://libguides.depaul.edu/CommunityArchives
51,Chicago,DePaul University Archives,https://libguides.depaul.edu/dpuarchives
52,Chicago,Elections,https://libguides.depaul.edu/elections
53,Chicago,Primary Sources (A How-to Guide),https://libguides.depaul.edu/primarysources
54,Chicago,Rare Book & Map Resources,https://libguides.depaul.edu/rare-books-maps
55,Chinese Studies,Asian Studies Research Guide,https://libguides.depaul.edu/asianstudies
56,Chinese Studies,Modern Languages Research Guide,https://libguides.depaul.edu/languages
57,Cinema & Media Studies,Film Studies Research Guide,https://libguides.depaul.edu/filmstudies
58,Cinema & Media Studies,Mass Media Research Guide,https://libguides.depaul.edu/massmedia
59,Cinema & Media Studies,Popular Culture Research Guide,https://libguides.depaul.edu/popculture
60,Classics,Classics Research Guide,https://libguides.depaul.edu/classics
61,Classics,Modern Languages Research Guide,https://libguides.depaul.edu/languages
62,Classics,Philosophy Research Guide,https://libguides.depaul.edu/philosophy
63,Communication,Communication Research Guide,https://libguides.depaul.edu/communication
64,Communication,Film Studies Research Guide,https://libguides.depaul.edu/filmstudies
65,Communication,Journalism Research Guide,https://libguides.depaul.edu/journalism
66,Communication,Linguistics Research Guide,https://libguides.depaul.edu/linguistics
67,Communication,Mass Media Research Guide,https://libguides.depaul.edu/massmedia
68,Communication,Popular Culture Research Guide,https://libguides.depaul.edu/popculture
69,Communication,Public Relations & Advertising Research Guide,https://libguides.depaul.edu/pubrelations_advertising
70,Communication,Scholarly Communication,https://libguides.depaul.edu/scholarlycommunication
71,Communication,"Writing, Rhetoric, and Discourse Research Guide",https://libguides.depaul.edu/wrd
72,Computer Science,Computer Science Research Guide,https://libguides.depaul.edu/computerscience
73,Computer Science,"Digital Media, Animation & Game Development Research Guide",https://libguides.depaul.edu/digitalmedia
74,Computer Science,Human Computer Interaction Research Guide,https://libguides.depaul.edu/hci
75,Computer Science,Neuroscience,https://libguides.depaul.edu/neuroscience
76,Criminal Justice,Criminal Justice Research Guide,https://libguides.depaul.edu/criminaljustice
77,Curriculum Studies,Curriculum Materials (A How-to Guide),https://libguides.depaul.edu/curriculum
78,Curriculum Studies,Education Research Guide,https://libguides.depaul.edu/education
79,Data Science & Analytics,Finding Statistics & Data (A How-to Guide),https://libguides.depaul.edu/finding-data-statistics
80,Data Science & Analytics,Political Science Research Guide,https://libguides.depaul.edu/politicalscience
81,Data Science & Analytics,Public Health Research Guide,https://libguides.depaul.edu/publichealth
82,Data Science & Analytics,Research Data Management (A How-to Guide),https://libguides.depaul.edu/research-data-management
83,Data Science & Analytics,U.S. Government Research Guide,https://libguides.depaul.edu/GovernmentInformation
84,DePaul Heritage,DePaul University Archives,https://libguides.depaul.edu/dpuarchives
85,DePaul Heritage,Vincentian Studies Collection,https://libguides.depaul.edu/vincentianstudies
86,Digital Scholarship,Scholarly Communication,https://libguides.depaul.edu/scholarlycommunication
87,Economics,Economics Research Guide,https://libguides.depaul.edu/economics
88,Education,Curriculum Materials (A How-to Guide),https://libguides.depaul.edu/curriculum
89,Education,Education Research Guide,https://libguides.depaul.edu/education
90,Education,Open Educational Resources,https://libguides.depaul.edu/openeducation
91,Education,Psychology Research Guide,https://libguides.depaul.edu/psychology
92,Education,Scholarly Communication,https://libguides.depaul.edu/scholarlycommunication
93,Environmental Science & Studies,Biology Research Guide,https://libguides.depaul.edu/biology
94,Environmental Science & Studies,Chemistry & Biochemistry Research Guide,https://libguides.depaul.edu/chemistry
95,Environmental Science & Studies,Climate Change & Global Warming Research Guide,https://libguides.depaul.edu/climatechange
96,Environmental Science & Studies,Environmental Science & Studies Research Guide,https://libguides.depaul.edu/environmental
97,"Exercise Science, Sports & Recreation",Biology Research Guide,https://libguides.depaul.edu/biology
98,"Exercise Science, Sports & Recreation",Health Sciences Research Guide,https://libguides.depaul.edu/healthsciences
99,"Exercise Science, Sports & Recreation",Yoga Research Guide,https://libguides.depaul.edu/yoga
100,Finance,Finance Research Guide,https://libguides.depaul.edu/finance
101,Finance,Islamic Banking and Finance Research Guide,https://libguides.depaul.edu/islamicbanking
102,French Studies,Modern Languages Research Guide,https://libguides.depaul.edu/languages
103,Geography,Country Information (A How-To Guide),https://libguides.depaul.edu/countryinformation
104,Geography,Geography Research Guide,https://libguides.depaul.edu/geography
105,Geography,Rare Book & Map Resources,https://libguides.depaul.edu/rare-books-maps
106,German Studies,Modern Languages Research Guide,https://libguides.depaul.edu/languages
107,Government Information,Political Science Research Guide,https://libguides.depaul.edu/politicalscience
108,Government Information,U.S. Government Research Guide,https://libguides.depaul.edu/GovernmentInformation
109,Health & Medicine,Biology Research Guide,https://libguides.depaul.edu/biology
110,Health & Medicine,Evidence-Based Nursing Research Guide,https://libguides.depaul.edu/ebp
111,Health & Medicine,Health Sciences Research Guide,https://libguides.depaul.edu/healthsciences
112,Health & Medicine,Neuroscience,https://libguides.depaul.edu/neuroscience
113,Health & Medicine,Nursing Research Guide,https://libguides.depaul.edu/nursing
114,Health & Medicine,Psychology Graduate Orientation,https://libguides.depaul.edu/psychologygrads
115,Health & Medicine,Psychology Research Guide,https://libguides.depaul.edu/psychology
116,Health & Medicine,Public Health Research Guide,https://libguides.depaul.edu/publichealth
117,Health & Medicine,Yoga Research Guide,https://libguides.depaul.edu/yoga
118,History,1893 Columbian Exposition Research Guide,https://libguides.depaul.edu/1893
119,History,African American Studies Research Guide,https://libguides.depaul.edu/africanamerican
120,History,American Studies Research Guide,https://libguides.depaul.edu/americanstudies
121,History,Classics Research Guide,https://libguides.depaul.edu/classics
122,History,Community Archives,https://libguides.depaul.edu/CommunityArchives
123,History,DePaul University Archives,https://libguides.depaul.edu/dpuarchives
124,History,Elections,https://libguides.depaul.edu/elections
125,History,Family History / Genealogy Research Guide,https://libguides.depaul.edu/c.php?g=781059
126,History,History Research Guide,https://libguides.depaul.edu/history
127,History,Native American Studies Research Guide,https://libguides.depaul.edu/nativeamericanstudies
128,History,Primary Sources (A How-to Guide),https://libguides.depaul.edu/primarysources
129,History,Rare Book & Map Resources,https://libguides.depaul.edu/rare-books-maps
130,Human-Computer Interaction,Human Computer Interaction Research Guide,https://libguides.depaul.edu/hci
131,Human-Computer Interaction,Neuroscience,https://libguides.depaul.edu/neuroscience
132,Human-Computer Interaction,Usability Testing (A How-To Guide),https://libguides.depaul.edu/usability-testing
133,International Studies,African Studies Research Guide,https://libguides.depaul.edu/africanstudies
134,International Studies,Asian Studies Research Guide,https://libguides.depaul.edu/asianstudies
135,International Studies,Country Information (A How-To Guide),https://libguides.depaul.edu/countryinformation
136,International Studies,Elections,https://libguides.depaul.edu/elections
137,International Studies,International Studies Research Guide,https://libguides.depaul.edu/internationalstudies
138,International Studies,Islamic World Studies Research Guide,https://libguides.depaul.edu/islamicworldstudies
139,International Studies,Latin American and Latino Studies Research Guide,https://libguides.depaul.edu/latinamericanstudies
140,International Studies,"Peace, Justice & Conflict Research Guide",https://libguides.depaul.edu/pax
141,International Studies,Primary Sources (A How-to Guide),https://libguides.depaul.edu/primarysources
142,Islamic World Studies,Islamic World Studies Research Guide,https://libguides.depaul.edu/islamicworldstudies
143,Islamic World Studies,Religious Studies Research Guide,https://libguides.depaul.edu/religiousstudies
144,Italian Studies,Modern Languages Research Guide,https://libguides.depaul.edu/languages
145,Japanese Studies,Asian Studies Research Guide,https://libguides.depaul.edu/asianstudies
146,Japanese Studies,Modern Languages Research Guide,https://libguides.depaul.edu/languages
147,Latin American & Latino Studies,Community Archives,https://libguides.depaul.edu/CommunityArchives
148,Latin American & Latino Studies,Latin American and Latino Studies Research Guide,https://libguides.depaul.edu/latinamericanstudies
149,Law,Criminal Justice Research Guide,https://libguides.depaul.edu/criminaljustice
150,Law,Drafting Pleadings,https://libguides.depaul.edu/c.php?g=504427
151,Law,Guide to Library Services for Law Review and Law Journals,https://libguides.depaul.edu/c.php?g=512849
152,Law,Law and Regulation Research Guide,https://libguides.depaul.edu/law
153,Law,Public Interest Law /Pro Bono Work,https://libguides.depaul.edu/c.php?g=848605
154,LGBTQ Studies,LGBTQ Literature and Culture Research Guide,https://libguides.depaul.edu/LGBTQLiterature
155,LGBTQ Studies,LGBTQ Studies Research Guide,https://libguides.depaul.edu/lgbtq
156,Literature,American Literature Research Guide,https://libguides.depaul.edu/americanliterature
157,Literature,Classics Research Guide,https://libguides.depaul.edu/classics
158,Literature,ENG 474 (Goffman): Teaching English Literature,https://libguides.depaul.edu/teachingliterature
159,Literature,LGBTQ Literature and Culture Research Guide,https://libguides.depaul.edu/LGBTQLiterature
160,Literature,Literature Research Guide,https://libguides.depaul.edu/literature
161,Literature,Modern Languages Research Guide,https://libguides.depaul.edu/languages
162,Literature,Rare Book & Map Resources,https://libguides.depaul.edu/rare-books-maps
163,Literature,Shakespeare Research Guide,https://libguides.depaul.edu/shakespeare
164,Literature,Victorian Literature Research Guide,https://libguides.depaul.edu/victorian
165,Management & Leadership,Business Ethics Research Guide,https://libguides.depaul.edu/businessethics
166,Management & Leadership,Entrepreneurship Research Guide,https://libguides.depaul.edu/entrepreneurship
167,Management & Leadership,Management Research Guide,https://libguides.depaul.edu/management
168,Management & Leadership,Nonprofit Administration Research Guide,https://libguides.depaul.edu/nonprofit
169,Management & Leadership,Psychology Graduate Orientation,https://libguides.depaul.edu/psychologygrads
170,Marketing,Marketing Research Guide,https://libguides.depaul.edu/marketing
171,Marketing,Public Relations & Advertising Research Guide,https://libguides.depaul.edu/pubrelations_advertising
172,Mathematics,Mathematics Research Guide,https://libguides.depaul.edu/math
173,Modern Languages,Linguistics Research Guide,https://libguides.depaul.edu/linguistics
174,Modern Languages,Modern Languages Research Guide,https://libguides.depaul.edu/languages
175,Multidisciplinary,Advanced Project Research Guide (SNL),https://libguides.depaul.edu/advancedproject
176,Multidisciplinary,DePaul University Archives,https://libguides.depaul.edu/dpuarchives
177,Multidisciplinary,LL 300: Research Seminar,https://libguides.depaul.edu/LL300
178,Multidisciplinary,Open Educational Resources,https://libguides.depaul.edu/openeducation
179,Music,Jazz Research Guide,https://libguides.depaul.edu/jazz
180,Music,Music Research Guide,https://libguides.depaul.edu/music
181,Music,Program Notes (A How-to Guide),https://libguides.depaul.edu/programnotes
182,Music,World Music Research Guide,https://libguides.depaul.edu/worldmusic
183,Native American Studies,Native American Studies Research Guide,https://libguides.depaul.edu/nativeamericanstudies
184,Neuroscience,Biology Research Guide,https://libguides.depaul.edu/biology
185,Neuroscience,Chemistry & Biochemistry Research Guide,https://libguides.depaul.edu/chemistry
186,Neuroscience,Computer Science Research Guide,https://libguides.depaul.edu/computerscience
187,Neuroscience,Neuroscience,https://libguides.depaul.edu/neuroscience
188,Neuroscience,Psychology Research Guide,https://libguides.depaul.edu/psychology
189,Nursing,Evidence-Based Nursing Research Guide,https://libguides.depaul.edu/ebp
190,Nursing,Health Sciences Research Guide,https://libguides.depaul.edu/healthsciences
191,Nursing,Nursing Research Guide,https://libguides.depaul.edu/nursing
192,Nursing,Public Health Research Guide,https://libguides.depaul.edu/publichealth
193,"Peace, Justice & Conflict Studies",Community Archives,https://libguides.depaul.edu/CommunityArchives
194,"Peace, Justice & Conflict Studies","Peace, Justice & Conflict Research Guide",https://libguides.depaul.edu/pax
195,"Peace, Justice & Conflict Studies",Rare Book & Map Resources,https://libguides.depaul.edu/rare-books-maps
196,Philosophy,Business Ethics Research Guide,https://libguides.depaul.edu/businessethics
197,Philosophy,Classics Research Guide,https://libguides.depaul.edu/classics
198,Philosophy,"Peace, Justice & Conflict Research Guide",https://libguides.depaul.edu/pax
199,Philosophy,Philosophy Research Guide,https://libguides.depaul.edu/philosophy
200,Philosophy,Religious Studies Research Guide,https://libguides.depaul.edu/religiousstudies
201,Physics & Astronomy,Astronomy Research Guide,https://libguides.depaul.edu/astronomy
202,Physics & Astronomy,Physics Research Guide,https://libguides.depaul.edu/physics
203,Political Science,Asian Studies Research Guide,https://libguides.depaul.edu/asianstudies
204,Political Science,Criminal Justice Research Guide,https://libguides.depaul.edu/criminaljustice
205,Political Science,Elections,https://libguides.depaul.edu/elections
206,Political Science,Law and Regulation Research Guide,https://libguides.depaul.edu/law
207,Political Science,"Peace, Justice & Conflict Research Guide",https://libguides.depaul.edu/pax
208,Political Science,Political Science Research Guide,https://libguides.depaul.edu/politicalscience
209,Political Science,Public Policy Research Guide,https://libguides.depaul.edu/publicpolicy
210,Political Science,U.S. Government Research Guide,https://libguides.depaul.edu/GovernmentInformation
211,Psychology,Health Sciences Research Guide,https://libguides.depaul.edu/healthsciences
212,Psychology,Neuroscience,https://libguides.depaul.edu/neuroscience
213,Psychology,Psychology Graduate Orientation,https://libguides.depaul.edu/psychologygrads
214,Psychology,Psychology Research Guide,https://libguides.depaul.edu/psychology
215,Public Health,Biology Research Guide,https://libguides.depaul.edu/biology
216,Public Health,Health Sciences Research Guide,https://libguides.depaul.edu/healthsciences
217,Public Health,Nursing Research Guide,https://libguides.depaul.edu/nursing
218,Public Health,Public Health Research Guide,https://libguides.depaul.edu/publichealth
219,Public Health,Yoga Research Guide,https://libguides.depaul.edu/yoga
220,Public Policy,Economics Research Guide,https://libguides.depaul.edu/economics
221,Public Policy,Public Health Research Guide,https://libguides.depaul.edu/publichealth
222,Public Policy,Public Policy Research Guide,https://libguides.depaul.edu/publicpolicy
223,Public Policy,U.S. Government Research Guide,https://libguides.depaul.edu/GovernmentInformation
224,Public Service & Nonprofits,Nonprofit Administration Research Guide,https://libguides.depaul.edu/nonprofit
225,Public Service & Nonprofits,Public Policy Research Guide,https://libguides.depaul.edu/publicpolicy
226,Religious Studies,Catholic Studies Research Guide,https://libguides.depaul.edu/catholicstudies
227,Religious Studies,Community Archives,https://libguides.depaul.edu/CommunityArchives
228,Religious Studies,Islamic World Studies Research Guide,https://libguides.depaul.edu/islamicworldstudies
229,Religious Studies,"Peace, Justice & Conflict Research Guide",https://libguides.depaul.edu/pax
230,Religious Studies,Rare Book & Map Resources,https://libguides.depaul.edu/rare-books-maps
231,Religious Studies,Religious Studies Research Guide,https://libguides.depaul.edu/religiousstudies
232,Science,Astronomy Research Guide,https://libguides.depaul.edu/astronomy
233,Science,Biology Research Guide,https://libguides.depaul.edu/biology
234,Science,Health Sciences Research Guide,https://libguides.depaul.edu/healthsciences
235,Science,Neuroscience,https://libguides.depaul.edu/neuroscience
236,Science,Physics Research Guide,https://libguides.depaul.edu/physics
237,"Social Work, Social & Public Welfare",Health Sciences Research Guide,https://libguides.depaul.edu/healthsciences
238,"Social Work, Social & Public Welfare",Public Health Research Guide,https://libguides.depaul.edu/publichealth
239,"Social Work, Social & Public Welfare",Social Work Research Guide,https://libguides.depaul.edu/msw
240,Sociology,Criminal Justice Research Guide,https://libguides.depaul.edu/criminaljustice
241,Sociology,LGBTQ Studies Research Guide,https://libguides.depaul.edu/lgbtq
242,Sociology,Popular Culture Research Guide,https://libguides.depaul.edu/popculture
243,Sociology,Sociology Research Guide,https://libguides.depaul.edu/sociology
244,Spanish Studies,Modern Languages Research Guide,https://libguides.depaul.edu/languages
245,Testing & Measurement,Curriculum Materials (A How-to Guide),https://libguides.depaul.edu/curriculum
246,Testing & Measurement,Education Research Guide,https://libguides.depaul.edu/education
247,Theatre,Classics Research Guide,https://libguides.depaul.edu/classics
248,Theatre,Community Archives,https://libguides.depaul.edu/CommunityArchives
249,Theatre,DePaul University Archives,https://libguides.depaul.edu/dpuarchives
250,Theatre,Rare Book & Map Resources,https://libguides.depaul.edu/rare-books-maps
251,Theatre,Shakespeare Research Guide,https://libguides.depaul.edu/shakespeare
252,Theatre,Theatre Research Guide,https://libguides.depaul.edu/theatre
253,Vincentian Studies,Vincentian Studies Collection,https://libguides.depaul.edu/vincentianstudies
254,Women's & Gender Studies,American Studies Research Guide,https://libguides.depaul.edu/americanstudies
255,Women's & Gender Studies,Community Archives,https://libguides.depaul.edu/CommunityArchives
256,Women's & Gender Studies,LGBTQ Literature and Culture Research Guide,https://libguides.depaul.edu/LGBTQLiterature
257,Women's & Gender Studies,LGBTQ Studies Research Guide,https://libguides.depaul.edu/lgbtq
258,Women's & Gender Studies,Women & Gender Studies Research Guide,https://libguides.depaul.edu/wgs
259,"Writing, Rhetoric & Discourse","Writing, Rhetoric, and Discourse Research Guide",https://libguides.depaul.edu/wrd
