,Category,Subject,Link
0,Anthropology,ANT 317 Course Guide,https://culibraries.creighton.edu/ANT317
1,Anthropology,Anthropology Research Guide,https://culibraries.creighton.edu/anthropology
2,Anthropology,Country Information Research Guide,https://culibraries.creighton.edu/countries
3,Anthropology,Medical Anthropology Program Guide,https://culibraries.creighton.edu/medical_anthropology
4,Biology,BIO 149 Course Guide,https://culibraries.creighton.edu/BIO149
5,Biology,Biology Research Guide,https://culibraries.creighton.edu/biology
6,Business & Economics,Accounting Research Guide,https://culibraries.creighton.edu/accounting
7,Business & Economics,BUS 471 Course Guide,https://culibraries.creighton.edu/BUS471
8,Business & Economics,Business and Law A-Z,https://culibraries.creighton.edu/business
9,Business & Economics,Business Intelligence & Analytics Research Guide,https://culibraries.creighton.edu/businessintelligence
10,Business & Economics,Company Information Research Guide,https://culibraries.creighton.edu/companyinfo
11,Business & Economics,Creighton Business Institute Program Guide,https://culibraries.creighton.edu/CBI
12,Business & Economics,DBA (Doctorate of Business Administration) Program Guide,https://culibraries.creighton.edu/dba
13,Business & Economics,Economics & Finance Research Guide,https://culibraries.creighton.edu/ecofinance
14,Business & Economics,Marketing & Management Research Guide,https://culibraries.creighton.edu/mktgmgmt
15,Business & Economics,MBA 776 Course Guide,https://culibraries.creighton.edu/mba776
16,Business & Economics,MKT 319 Course Guide,https://culibraries.creighton.edu/mkt319
17,Business & Economics,MKT 333 Course Guide,https://culibraries.creighton.edu/MKT333
18,Business & Economics,MKT 363 Course Guide,https://culibraries.creighton.edu/mkt363
19,Chemistry,Chemistry Research Guide,https://culibraries.creighton.edu/chemistry
20,Classical Studies,Classical Studies Research Guide,https://culibraries.creighton.edu/classics
21,Classical Studies,Primary Sources in History and the Classics,https://culibraries.creighton.edu/c.php?g=461228
22,Communication Studies,COM174 Course Guide,https://culibraries.creighton.edu/COM174
23,Communication Studies,Communication Studies Research Guide,https://culibraries.creighton.edu/communication
24,Country Information,Country Information Research Guide,https://culibraries.creighton.edu/countries
25,Course Guides,ANT 317 Course Guide,https://culibraries.creighton.edu/ANT317
26,Course Guides,BIO 149 Course Guide,https://culibraries.creighton.edu/BIO149
27,Course Guides,BUS 471 Course Guide,https://culibraries.creighton.edu/BUS471
28,Course Guides,COM174 Course Guide,https://culibraries.creighton.edu/COM174
29,Course Guides,ENG 150 Course Guide,https://culibraries.creighton.edu/eng150
30,Course Guides,ILS 200 Course Guide,https://culibraries.creighton.edu/ILS200
31,Course Guides,JRM 335 Course Guide,https://culibraries.creighton.edu/JRM335
32,Course Guides,MBA 775 Course Guide,https://culibraries.creighton.edu/mba775
33,Course Guides,MBA 776 Course Guide,https://culibraries.creighton.edu/mba776
34,Course Guides,MKT 319 Course Guide,https://culibraries.creighton.edu/mkt319
35,Course Guides,MKT 333 Course Guide,https://culibraries.creighton.edu/MKT333
36,Course Guides,MKT 363 Course Guide,https://culibraries.creighton.edu/mkt363
37,Course Guides,PHL 358 Course Guide,https://culibraries.creighton.edu/phl358
38,Course Guides,PLS/HAP 334 Course Guide,https://culibraries.creighton.edu/pls334
39,Dentistry,Dentistry - General,https://culibraries.creighton.edu/dentistry
40,Education,Ed.D. in Leadership Program Guide,https://culibraries.creighton.edu/leadership
41,Education,Education Research Guide,https://culibraries.creighton.edu/education
42,Education,School Counseling Program Guide,https://culibraries.creighton.edu/schoolcounseling
43,Energy Technology,Environmental Science Research Guide,https://culibraries.creighton.edu/enviroscience
44,English,ENG 150 Course Guide,https://culibraries.creighton.edu/eng150
45,English,English Research Guide,https://culibraries.creighton.edu/english
46,Environmental Science,Environmental Science Research Guide,https://culibraries.creighton.edu/enviroscience
47,Exercise Science,Exercise Science Research Guide,https://culibraries.creighton.edu/exerscience
48,Family Law,Alimony and Spousal Support in Nebraska,https://culibraries.creighton.edu/alimony
49,Family Law,Child Support Arrearage in Nebraska,https://culibraries.creighton.edu/ChildSuppArrNeb
50,Family Law,Indian Child Welfare Act in Nebraska,https://culibraries.creighton.edu/IndChWelfActNeb
51,Family Law,Pro Se Assistance in Simple Divorce,https://culibraries.creighton.edu/ProSeAssSimpDiv
52,Fine & Performing Arts,Art Research Guide,https://culibraries.creighton.edu/art
53,Fine & Performing Arts,Music Research Guide,https://culibraries.creighton.edu/music
54,Fine & Performing Arts,"Theater, Film and Dance Research Guide",https://culibraries.creighton.edu/theater
55,Government Information,Government Information Guide,https://culibraries.creighton.edu/governments
56,Health Literacy,Patient Education,https://culibraries.creighton.edu/patientEd
57,Health Policy & Ethics,Health Policy and Ethics,https://culibraries.creighton.edu/healthpolicyethics
58,Health Policy & Ethics,Multicultural Health,https://culibraries.creighton.edu/multicultural
59,Health Policy & Ethics,Practice Management/Health Administration,https://culibraries.creighton.edu/HealthAdmin
60,Health Policy & Ethics,Public and Global Health,https://culibraries.creighton.edu/publichealth
61,Health Sciences,ANT 317 Course Guide,https://culibraries.creighton.edu/ANT317
62,Health Sciences,Exercise Science Research Guide,https://culibraries.creighton.edu/exerscience
63,Health Sciences,Healthy Lifestyle Management Program Guide,https://culibraries.creighton.edu/hlm
64,Health Sciences,Medical Anthropology Program Guide,https://culibraries.creighton.edu/medical_anthropology
65,History,History Research Guide,https://culibraries.creighton.edu/history
66,History,Native American Studies Research Guide,https://culibraries.creighton.edu/nativeamericans
67,History,Primary Sources in History and the Classics,https://culibraries.creighton.edu/c.php?g=461228
68,Journalism & Computing,Computer Science Research Guide,https://culibraries.creighton.edu/compsci
69,Journalism & Computing,"Journalism, Media and Computing Research Guide",https://culibraries.creighton.edu/journalism
70,Journalism & Computing,JRM 335 Course Guide,https://culibraries.creighton.edu/JRM335
71,Law,Administrative Law,https://culibraries.creighton.edu/administrativelaw
72,Law,Alternative Dispute Resolution,https://culibraries.creighton.edu/adr
73,Law,Antitrust and Trade Regulation,https://culibraries.creighton.edu/antitrust
74,Law,Banking Law,https://culibraries.creighton.edu/bankinglaw
75,Law,Bankruptcy,https://culibraries.creighton.edu/Bankruptcy
76,Law,Business and Law A-Z,https://culibraries.creighton.edu/business
77,Law,Business Law,https://culibraries.creighton.edu/BusinessLaw
78,Law,Civil Rights,https://culibraries.creighton.edu/civilrightslaw
79,Law,Commercial Law,https://culibraries.creighton.edu/commerciallaw
80,Law,"Computers, the Internet, and Telecommunications",https://culibraries.creighton.edu/internetlaw
81,Law,Constitutional Law / Civil Rights,https://culibraries.creighton.edu/constitutionallaw
82,Law,Contracts,https://culibraries.creighton.edu/contractlaw
83,Law,Criminal Law and Procedure,https://culibraries.creighton.edu/criminallaw
84,Law,Disability Law,https://culibraries.creighton.edu/disabilitylaw
85,Law,Elder Law,https://culibraries.creighton.edu/ElderLaw
86,Law,Environmental Law,https://culibraries.creighton.edu/Environ
87,Law,Evidence Guide,https://culibraries.creighton.edu/Evid
88,Law,Family Law,https://culibraries.creighton.edu/Family
89,Law,Foreign and International Law,https://culibraries.creighton.edu/international
90,Law,Government & Politics,https://culibraries.creighton.edu/government
91,Law,Government Information Guide,https://culibraries.creighton.edu/governments
92,Law,Health Law,https://culibraries.creighton.edu/HealthLaw
93,Law,Immigration Law,https://culibraries.creighton.edu/Immigration
94,Law,Insurance,https://culibraries.creighton.edu/InsuranceLaw
95,Law,Intellectual Property,https://culibraries.creighton.edu/intellectualproperty
96,Law,Labor and Employment,https://culibraries.creighton.edu/Labor
97,Law,Legal History,https://culibraries.creighton.edu/legalhistory
98,Law,National Security,https://culibraries.creighton.edu/nationalsecurity
99,Law,Native American Law,https://culibraries.creighton.edu/nativeamerican
100,Law,Popular Movies,https://culibraries.creighton.edu/popularmovies
101,Law,Professional Responsibility,https://culibraries.creighton.edu/ProfResp
102,Law,Securities,https://culibraries.creighton.edu/SecuritiesLaw
103,Law,Tax Law,https://culibraries.creighton.edu/tax
104,Law,Tort Law,https://culibraries.creighton.edu/torts
105,Law,Trial Practice and Discovery,https://culibraries.creighton.edu/TrialPrac
106,Law,Trusts and Estates,https://culibraries.creighton.edu/TrustsAndEstates
107,Law,Werner Institute Program Guide,https://culibraries.creighton.edu/werner
108,Legal Research,Developing a Topic for a Research Paper or Law Review Article,https://culibraries.creighton.edu/researchtopics
109,Legal Research,European Union Law: Institutions and Sources,https://culibraries.creighton.edu/euresearch
110,Legal Research,Legal Abbreviations,https://culibraries.creighton.edu/LegAbbrev
111,Legal Research,Nebraska Legislative History,https://culibraries.creighton.edu/NebLegisHist
112,Library Services,Study Rooms - Reinert-Alumni Library,https://culibraries.creighton.edu/reinertstudyrooms
113,Literatures,English Research Guide,https://culibraries.creighton.edu/english
114,Literatures,Modern Languages and Literatures Research Guide,https://culibraries.creighton.edu/modlanguages
115,Mathematics,Mathematics Research Guide,https://culibraries.creighton.edu/math
116,Medicine,Allergy & Immunology,https://culibraries.creighton.edu/allergy
117,Medicine,Anesthesiology,https://culibraries.creighton.edu/anesthesiology
118,Medicine,Cardiology,https://culibraries.creighton.edu/Cardiology
119,Medicine,Dermatology,https://culibraries.creighton.edu/dermatology
120,Medicine,Emergency Medicine/Critical Care,https://culibraries.creighton.edu/Emergency
121,Medicine,Endocrinology and Osteoporosis Research,https://culibraries.creighton.edu/endocrinology
122,Medicine,Family Medicine,https://culibraries.creighton.edu/familymedicine
123,Medicine,Gastroenterology,https://culibraries.creighton.edu/Gastroenterology
124,Medicine,General Surgery,https://culibraries.creighton.edu/Surgery
125,Medicine,Infectious Diseases,https://culibraries.creighton.edu/infectiousdiseases
126,Medicine,M1 Resources,https://culibraries.creighton.edu/M1curriculum
127,Medicine,M2 Resources,https://culibraries.creighton.edu/M2curriculum
128,Medicine,M3 & M4 Resources,https://culibraries.creighton.edu/M3M4Curriculum
129,Medicine,Medical / Biological Sciences,https://culibraries.creighton.edu/medicinebasicsciences
130,Medicine,Mobile Apps,https://culibraries.creighton.edu/mobile
131,Medicine,Nephrology,https://culibraries.creighton.edu/nephrology
132,Medicine,Neurology,https://culibraries.creighton.edu/neurology
133,Medicine,Obstetrics & Gynecology,https://culibraries.creighton.edu/ObGYN
134,Medicine,Ophthalmology,https://culibraries.creighton.edu/ophthalmology
135,Medicine,Otolaryngology,https://culibraries.creighton.edu/Otolaryngology
136,Medicine,Patient Education,https://culibraries.creighton.edu/patientEd
137,Medicine,Pediatrics,https://culibraries.creighton.edu/pediatrics
138,Medicine,Practice Management/Health Administration,https://culibraries.creighton.edu/HealthAdmin
139,Medicine,Psychiatry,https://culibraries.creighton.edu/psychiatry
140,Medicine,Pulmonology/Critical Care,https://culibraries.creighton.edu/Pulmonary
141,Medicine,Rheumatology,https://culibraries.creighton.edu/rheumatology
142,Military Science,Military Science Research Guide,https://culibraries.creighton.edu/militarysci
143,Modern Languages,Modern Languages and Literatures Research Guide,https://culibraries.creighton.edu/modlanguages
144,Modern Languages,Spanish Research Guide,https://culibraries.creighton.edu/spanish
145,Multicultural Health,Multicultural Health,https://culibraries.creighton.edu/multicultural
146,Multicultural Health,Patient Education,https://culibraries.creighton.edu/patientEd
147,Nebraska,Age Discrimination and Employment Act in Nebraska,https://culibraries.creighton.edu/ADEANeb
148,Nebraska,Alimony and Spousal Support in Nebraska,https://culibraries.creighton.edu/alimony
149,Nebraska,Child Support Arrearage in Nebraska,https://culibraries.creighton.edu/ChildSuppArrNeb
150,Nebraska,Dog Searches in Nebraska,https://culibraries.creighton.edu/DogSearchesNeb
151,Nebraska,Indian Child Welfare Act in Nebraska,https://culibraries.creighton.edu/IndChWelfActNeb
152,Nebraska,Medical Malpractice in Nebraska,https://culibraries.creighton.edu/MedMalpracNeb
153,Nebraska,Nebraska,https://culibraries.creighton.edu/nebraska
154,Nebraska,Nebraska Alternative Courts,https://culibraries.creighton.edu/NEAltCourts
155,Nebraska,Nebraska County Courts,https://culibraries.creighton.edu/NEcountycourts
156,Nebraska,Nebraska Court of Appeals,https://culibraries.creighton.edu/NEcourtofappeals
157,Nebraska,Nebraska Legislative History,https://culibraries.creighton.edu/NebLegisHist
158,Nebraska,Nebraska Supreme Court,https://culibraries.creighton.edu/NEsupremecourt
159,Nebraska,Planning and Zoning in Nebraska,https://culibraries.creighton.edu/PlanZoneNeb
160,Nebraska,Securities Law: Civil Liability of Control Persons in Nebraska,https://culibraries.creighton.edu/SecurLawNeb
161,Nursing,Nursing,https://culibraries.creighton.edu/nursing
162,Occupational Therapy,Occupational Therapy,https://culibraries.creighton.edu/OT
163,Patient Education,Multicultural Health,https://culibraries.creighton.edu/multicultural
164,Patient Education,Patient Education,https://culibraries.creighton.edu/patientEd
165,Pharmacy,Pharmacy,https://culibraries.creighton.edu/pharmacy
166,Philosophy,Philosophy Research Guide,https://culibraries.creighton.edu/philosophy
167,Philosophy,PHL 358 Course Guide,https://culibraries.creighton.edu/phl358
168,Physical Therapy,"Anatomy, Histology, Neurobiology, Physiology",https://culibraries.creighton.edu/ahnp
169,Physical Therapy,Physical Therapy,https://culibraries.creighton.edu/pt
170,Physics,Atmospheric Sciences Research Guide,https://culibraries.creighton.edu/atmoscience
171,Physics,Physics Research Guide,https://culibraries.creighton.edu/physics
172,Political Science,Country Information Research Guide,https://culibraries.creighton.edu/countries
173,Political Science,PLS/HAP 334 Course Guide,https://culibraries.creighton.edu/pls334
174,Political Science,Political Science & International Relations Research Guide,https://culibraries.creighton.edu/poliscience
175,Practice Management,Practice Management/Health Administration,https://culibraries.creighton.edu/HealthAdmin
176,Program Guides,Creighton Business Institute Program Guide,https://culibraries.creighton.edu/CBI
177,Program Guides,DBA (Doctorate of Business Administration) Program Guide,https://culibraries.creighton.edu/dba
178,Program Guides,Design Thinking for Libraries,https://culibraries.creighton.edu/designthinking
179,Program Guides,Ed.D. in Leadership Program Guide,https://culibraries.creighton.edu/leadership
180,Program Guides,Healthy Lifestyle Management Program Guide,https://culibraries.creighton.edu/hlm
181,Program Guides,Master of Ministry Program Guide,https://culibraries.creighton.edu/ministry
182,Program Guides,Medical Anthropology Program Guide,https://culibraries.creighton.edu/medical_anthropology
183,Program Guides,School Counseling Program Guide,https://culibraries.creighton.edu/schoolcounseling
184,Program Guides,Werner Institute Program Guide,https://culibraries.creighton.edu/werner
185,Psychology,Design Thinking for Libraries,https://culibraries.creighton.edu/designthinking
186,Psychology,Psychology Research Guide,https://culibraries.creighton.edu/psychology
187,Psychology,School Counseling Program Guide,https://culibraries.creighton.edu/schoolcounseling
188,Public Health,Public and Global Health,https://culibraries.creighton.edu/publichealth
189,Social Work,Social Work Research Guide,https://culibraries.creighton.edu/socialwork
190,Sociology,Medical Anthropology Program Guide,https://culibraries.creighton.edu/medical_anthropology
191,Sociology,SOC 313 Course Guide,https://culibraries.creighton.edu/SOC313
192,Sociology,Social Work Research Guide,https://culibraries.creighton.edu/socialwork
193,Sociology,Sociology Research Guide,https://culibraries.creighton.edu/sociology
194,Sociology,Women's and Gender Studies Research Guide,https://culibraries.creighton.edu/womenstudies
195,Theology,Biblical Studies Research Guide,https://culibraries.creighton.edu/bible
196,Theology,Master of Ministry Program Guide,https://culibraries.creighton.edu/ministry
197,Theology,Theology Research Guide,https://culibraries.creighton.edu/theology
198,Theology,Women's and Gender Studies Research Guide,https://culibraries.creighton.edu/womenstudies
199,Trial Practice,Trial: Closing Arguments,https://culibraries.creighton.edu/TrialCloseArg
200,Trial Practice,Trial: Cross Examination,https://culibraries.creighton.edu/TrialXExam
201,Trial Practice,Trial: Direct Examination,https://culibraries.creighton.edu/TrialDirExam
202,Trial Practice,Trial: Expert Testimony,https://culibraries.creighton.edu/TrialExpTest
203,Trial Practice,Trial: Motions,https://culibraries.creighton.edu/TrialMotion
204,Trial Practice,Trial: Opening Statements,https://culibraries.creighton.edu/TrialOpenState
205,Trial Practice,Trial: Technology in the Courtroom,https://culibraries.creighton.edu/TrialTechInCt
206,Trial Practice,Trial: Voir Dire,https://culibraries.creighton.edu/TrialVoirDire
