,Category,Subject,Link
0,Arts & Social Sciences,Arts and Social Sciences (Postgraduates),https://libguides.scu.edu.au/sasspg
1,Arts & Social Sciences,History,https://libguides.scu.edu.au/history
2,Arts & Social Sciences,Media,https://libguides.scu.edu.au/media
3,Arts & Social Sciences,Music,https://libguides.scu.edu.au/music
4,Arts & Social Sciences,Social Science,https://libguides.scu.edu.au/social_science
5,Arts & Social Sciences,Social Welfare and Social Work,https://libguides.scu.edu.au/socialwelfare_socialwork
6,Arts & Social Sciences,Visual arts,https://libguides.scu.edu.au/visual
7,Arts & Social Sciences,Writing,https://libguides.scu.edu.au/writing
8,Business & Tourism,Accounting,https://libguides.scu.edu.au/accounting
9,Business & Tourism,Business and Management,https://libguides.scu.edu.au/management
10,Business & Tourism,Convention and Event Management,https://libguides.scu.edu.au/convention
11,Business & Tourism,DBA Candidates' Guide,https://libguides.scu.edu.au/DBAcandidates
12,Business & Tourism,English-Chinese Bilingual Business Resources,https://libguides.scu.edu.au/bilingual
13,Business & Tourism,Finance,https://libguides.scu.edu.au/finance
14,Business & Tourism,Gastronomic Tourism,https://libguides.scu.edu.au/gastronomic_tourism
15,Business & Tourism,Hospitality,https://libguides.scu.edu.au/hospitality
16,Business & Tourism,Human Resource Management,https://libguides.scu.edu.au/hrm
17,Business & Tourism,Information Technology,https://libguides.scu.edu.au/IT
18,Business & Tourism,Marketing,https://libguides.scu.edu.au/marketing
19,Business & Tourism,Project Management,https://libguides.scu.edu.au/project_management
20,Business & Tourism,Tourism,https://libguides.scu.edu.au/tourism
21,Business & Tourism,Tourism and Hospitality Management (Postgraduates),https://libguides.scu.edu.au/THMpostgrad
22,Education,Childhood and Youth Studies,https://libguides.scu.edu.au/childhoodyouthstudies
23,Education,Early childhood,https://libguides.scu.edu.au/earlychildhood
24,Education,Education & Pedagogy,https://libguides.scu.edu.au/pedagogy
25,Education,Education (Postgraduates),https://libguides.scu.edu.au/education_research
26,Education,Indigenous Education,https://libguides.scu.edu.au/Indigenous_Education
27,Education,KLAs,https://libguides.scu.edu.au/KLAs
28,Education,Technology Education,https://libguides.scu.edu.au/teched
29,Education,Vocational Education & Training,https://libguides.scu.edu.au/VET
30,"Environment, Science & Engineering",Engineering,https://libguides.scu.edu.au/engineering
31,"Environment, Science & Engineering",Environmental Science,https://libguides.scu.edu.au/environmental
32,Gnibi College of Indigenous Australian Peoples,Gnibi Postgraduate Studies,https://libguides.scu.edu.au/Gnibi_Postgraduate_Studies
33,Gnibi College of Indigenous Australian Peoples,Indigenous Education,https://libguides.scu.edu.au/Indigenous_Education
34,Gnibi College of Indigenous Australian Peoples,Indigenous Health and Wellbeing,https://libguides.scu.edu.au/IndigenousHealth
35,Gnibi College of Indigenous Australian Peoples,Indigenous Knowledge,https://libguides.scu.edu.au/Indigenous_Knowledge
36,Health & Human Sciences,Biomedical Science,https://libguides.scu.edu.au/biomed_science
37,Health & Human Sciences,Chronic Illness,https://libguides.scu.edu.au/chronic_illness
38,Health & Human Sciences,Clinical Exercise Physiology,https://libguides.scu.edu.au/clinexphys
39,Health & Human Sciences,Clinical Sciences and Nutrition,https://libguides.scu.edu.au/clin_sci_nutrition
40,Health & Human Sciences,Diabetes Education and Management,https://libguides.scu.edu.au/diabetes_educ_management
41,Health & Human Sciences,Evidence Based Practice,https://libguides.scu.edu.au/ebp
42,Health & Human Sciences,Exercise Science and Sport Management,https://libguides.scu.edu.au/ESSM
43,Health & Human Sciences,Health and Human Sciences (Postgraduates),https://libguides.scu.edu.au/HealthPG
44,Health & Human Sciences,Indigenous Health and Wellbeing,https://libguides.scu.edu.au/IndigenousHealth
45,Health & Human Sciences,Midwifery,https://libguides.scu.edu.au/midwifery
46,Health & Human Sciences,Natural and Complementary Medicine,https://libguides.scu.edu.au/NCM
47,Health & Human Sciences,Nursing,https://libguides.scu.edu.au/nursing
48,Health & Human Sciences,Occupational Therapy,https://libguides.scu.edu.au/occtherapy
49,Health & Human Sciences,Osteopathic Medicine,https://libguides.scu.edu.au/osteopathy
50,Health & Human Sciences,Podiatry and Pedorthics,https://libguides.scu.edu.au/podiatry_pedorthics
51,Health & Human Sciences,Psychology,https://libguides.scu.edu.au/psychology
52,Health & Human Sciences,Reflective Practice,https://libguides.scu.edu.au/reflectivepractice
53,Health & Human Sciences,Speech Pathology,https://libguides.scu.edu.au/speech_pathology
54,Health & Human Sciences,Systematic Reviews,https://libguides.scu.edu.au/systrev
55,Law & Justice,Guide to Online Legal Research,https://libguides.scu.edu.au/guideolr
56,Law & Justice,Law,https://libguides.scu.edu.au/law
57,Law & Justice,Law and Justice (Postgraduates),https://libguides.scu.edu.au/Law-and-Justice-PG
58,Referencing,APA 6th Edition - SCU Referencing Guide,https://libguides.scu.edu.au/apa
59,Referencing,EndNote,https://libguides.scu.edu.au/endnote
60,Referencing,Harvard Referencing Style,https://libguides.scu.edu.au/harvard
61,Research support,Arts and Social Sciences (Postgraduates),https://libguides.scu.edu.au/sasspg
62,Research support,DBA Candidates' Guide,https://libguides.scu.edu.au/DBAcandidates
63,Research support,Education (Postgraduates),https://libguides.scu.edu.au/education_research
64,Research support,For Researchers,https://libguides.scu.edu.au/research_support
65,Research support,Health and Human Sciences (Postgraduates),https://libguides.scu.edu.au/HealthPG
66,Research support,Law and Justice (Postgraduates),https://libguides.scu.edu.au/Law-and-Justice-PG
67,Research support,Systematic Reviews,https://libguides.scu.edu.au/systrev
68,Research support,Tourism and Hospitality Management (Postgraduates),https://libguides.scu.edu.au/THMpostgrad
69,SCU College,Preparing for Success,https://libguides.scu.edu.au/PSP
70,SCU College,Studying English for academic purposes,https://libguides.scu.edu.au/eap
