,Category,Subject,Link
0,*General / Interdisciplinary,Academic Research: A Guide for International Students,https://libguides.du.edu/internationalstudentguide
1,*General / Interdisciplinary,Academic Search Complete Database,https://libguides.du.edu/asc
2,*General / Interdisciplinary,Annotated Bibliographies,https://libguides.du.edu/annotatedbibliographies
3,*General / Interdisciplinary,Article Linker: Getting to Online Full Text,https://libguides.du.edu/c.php?g=90221
4,*General / Interdisciplinary,Center for Research Libraries,https://libguides.du.edu/CRL
5,*General / Interdisciplinary,Citation Analysis & Bibliometrics,https://libguides.du.edu/citationanalysis
6,*General / Interdisciplinary,Cool Tools,https://libguides.du.edu/cool_tools
7,*General / Interdisciplinary,E-books,https://libguides.du.edu/ebooks
8,*General / Interdisciplinary,Fake News,https://libguides.du.edu/fake-news
9,*General / Interdisciplinary,Finding Quotations,https://libguides.du.edu/quotations
10,*General / Interdisciplinary,Finding the Full-Text of Articles with a Citation,https://libguides.du.edu/findingfulltext
11,*General / Interdisciplinary,Foreign Press Translations In Print,https://libguides.du.edu/foreignpress
12,*General / Interdisciplinary,Government Documents Ready Reference Online Shelf,https://libguides.du.edu/DocsRef
13,*General / Interdisciplinary,Information Visualization,https://libguides.du.edu/visualization
14,*General / Interdisciplinary,Internet Searching,https://libguides.du.edu/Internet
15,*General / Interdisciplinary,Library Instruction Services,https://libguides.du.edu/libraryinstruction
16,*General / Interdisciplinary,"Literature Reviews for the Humanities, Social Sciences, & Sciences",https://libguides.du.edu/litreview
17,*General / Interdisciplinary,Microfilm Instructions,https://libguides.du.edu/microfilm
18,*General / Interdisciplinary,Multimodal Resources,https://libguides.du.edu/multimodal
19,*General / Interdisciplinary,Newspapers - Current,https://libguides.du.edu/currentnewspapers
20,*General / Interdisciplinary,Prospector Tutorial,https://libguides.du.edu/prospector
21,*General / Interdisciplinary,RefWorks Tutorial,https://libguides.du.edu/Refworks
22,*General / Interdisciplinary,Scholarly Communication and Open Access Resources,https://libguides.du.edu/scoa
23,*General / Interdisciplinary,Searching with Compass,https://libguides.du.edu/c.php?g=568230
24,*General / Interdisciplinary,Streaming Media,https://libguides.du.edu/streaming
25,*General / Interdisciplinary,The Library Catalog,https://libguides.du.edu/catalog
26,*General / Interdisciplinary,Using the Library of Congress Classification System in the Main Library,https://libguides.du.edu/callnumbers
27,*General / Interdisciplinary,Using Yewno Discover,https://libguides.du.edu/yewno
28,Anthropology,"ANTH 2020 Artifacts, Texts, and Meanings",https://libguides.du.edu/ANTH2020
29,Anthropology,ANTH 3701 - Archaeology of Colonial Entanglements,https://libguides.du.edu/anth3701
30,Anthropology,Anthropology,https://libguides.du.edu/anthropology
31,Anthropology,ASEM 2449 American Material Culture,https://libguides.du.edu/materialculture
32,Anthropology,ASEM 2697 Muslims and Identity in Europe,https://libguides.du.edu/muslimsidentityeurope
33,Anthropology,"Literature Reviews for the Humanities, Social Sciences, & Sciences",https://libguides.du.edu/litreview
34,Anthropology,Museum Studies,https://libguides.du.edu/museumstudies
35,Archival Resources,Archival Resources,https://libguides.du.edu/archive
36,Archival Resources,Center on Human Rights Education Research Guide,https://libguides.du.edu/COHRE
37,Archival Resources,University Archives,https://libguides.du.edu/universityarchives
38,Area Studies,18th Century British Digital Collections,https://libguides.du.edu/18thcenturybritish
39,Area Studies,Asian Studies,https://libguides.du.edu/asianstudies
40,Area Studies,Center on Human Rights Education Research Guide,https://libguides.du.edu/COHRE
41,Area Studies,Country Studies,https://libguides.du.edu/CountryStudies
42,Area Studies,Islamic Studies,https://libguides.du.edu/islamicstudies
43,Area Studies,JAPN 3100 - Advanced Conversation & Composition,https://libguides.du.edu/japn3100
44,Area Studies,Modern Japan: Changing Perspectives in Literature and Culture,https://libguides.du.edu/modernjapan
45,Area Studies,Resources for American History,https://libguides.du.edu/history
46,Art & Art History,African American Studies,https://libguides.du.edu/africanamericanstudies
47,Art & Art History,Art - BA Portfolio,https://libguides.du.edu/artBAportfolio
48,Art & Art History,Art - Photography,https://libguides.du.edu/photography
49,Art & Art History,Art - Professional Practice,https://libguides.du.edu/professionalpractice
50,Art & Art History,Art - Websites for Studio Artists,https://libguides.du.edu/studioartwebsites
51,Art & Art History,Art and Art History,https://libguides.du.edu/artandarthistory
52,Art & Art History,Art and the Envrionment,https://libguides.du.edu/art_environment
53,Art & Art History,Art and the History of Science,https://libguides.du.edu/arth4333
54,Art & Art History,Art History - Contemporary Native American Art,https://libguides.du.edu/contemporarynativeamericanart
55,Art & Art History,Art History - Native American Art,https://libguides.du.edu/nativeamericanart
56,Art & Art History,Art of Mesoamerica,https://libguides.du.edu/mesoamericanart
57,Art & Art History,Art of the Andes,https://libguides.du.edu/artandes
58,Art & Art History,Art of the Maya,https://libguides.du.edu/maya
59,Art & Art History,ART2820 - Survey of Art,https://libguides.du.edu/artsurvey
60,Art & Art History,ARTH - English Artists and Biography: Victorians through Bloomsbury,https://libguides.du.edu/englishartistsbiography
61,Art & Art History,ARTH 3701 - Place and Spirituality in Asia,https://libguides.du.edu/arth3701
62,Art & Art History,ARTH 3832 - Nineteenth Century Art,https://libguides.du.edu/c.php?g=90192
63,Art & Art History,ARTH 3864 - Buddhism and the Fine Arts,https://libguides.du.edu/buddhism_and_the_fine_arts
64,Art & Art History,Contemporary Art,https://libguides.du.edu/contemporaryart
65,Art & Art History,Emergent Digital Practices,https://libguides.du.edu/emergentdigitalpractices
66,Art & Art History,Images,https://libguides.du.edu/images
67,Art & Art History,Medieval Art,https://libguides.du.edu/medievalart
68,Art & Art History,Museum Studies,https://libguides.du.edu/museumstudies
69,Art & Art History,Twentieth Century Art in Latin America,https://libguides.du.edu/latinamericanart
70,Art & Art History,Women in Art,https://libguides.du.edu/womeninart
71,Art & Art History,World Art II,https://libguides.du.edu/worldartii
72,Art & Art History,World Art III,https://libguides.du.edu/worldart3
73,Asian Studies,American Dream and Asian American Experience,https://libguides.du.edu/asianamericans
74,Asian Studies,Asian Studies,https://libguides.du.edu/asianstudies
75,Asian Studies,ECON 2510 - The Asian Economies Research Guide,https://libguides.du.edu/econ2510
76,Biology,A Guide to Biology Research,https://libguides.du.edu/biology
77,Biology,BIOL 1260: Infectious Diseases Research Workshop,https://libguides.du.edu/biol1260
78,Biology,BIOL 2120: Using Literature in Lab Reports,https://libguides.du.edu/biol2120
79,Biology,NSF Data Management Plans,https://libguides.du.edu/nsfdatamanagementplans
80,Biology,ReadCube,https://libguides.du.edu/readcube
81,Biology,Research Data Management,https://libguides.du.edu/datamanagement
82,Book Reviews,Book Reviews,https://libguides.du.edu/bookreviews
83,Business,APA Style Guide for Business,https://libguides.du.edu/apastyleforbusiness
84,Business,BACP - LOS 2050 - Organizational Behavior,https://libguides.du.edu/los2050
85,Business,BACP - LOS 2100 - Leadership,https://libguides.du.edu/los2100
86,Business,BACP - LOS 3150 - Working in Groups and Teams,https://libguides.du.edu/los3150
87,Business,Beer Industry (U.S.) Research Guide,https://libguides.du.edu/beerindustry
88,Business,Business and Public Policy Research Guide,https://libguides.du.edu/businessandpublicpolicy
89,Business,Business of Marijuana Research Guide,https://libguides.du.edu/c.php?g=672811
90,Business,Business Plan Research,https://libguides.du.edu/businessplanning
91,Business,Business Research Tutorials,https://libguides.du.edu/businesstutorials
92,Business,Career Resources Guide,https://libguides.du.edu/careers
93,Business,China - Business Research Guide,https://libguides.du.edu/businessinchina
94,Business,Coffee Research Guide,https://libguides.du.edu/coffee
95,Business,Company Research,https://libguides.du.edu/company
96,Business,Financial Literacy/Financial Education,https://libguides.du.edu/financial-literacy
97,Business,Hospitality Management,https://libguides.du.edu/hospitality
98,Business,Industry Research,https://libguides.du.edu/industry
99,Business,"INFO Sequence Research Guide (INFO 1010, INFO 2020, etc.)",https://libguides.du.edu/info_sequence
100,Business,International Management and Marketing Resources,https://libguides.du.edu/internationalbusiness
101,Business,Legal Issues & Risk Management - CMGT 3438,https://libguides.du.edu/cmgt3438
102,Business,"Luggage, Accessories, and E-commerce",https://libguides.du.edu/luggage
103,Business,Management 2850 - Business & Society Research Guide,https://libguides.du.edu/mgmt2850
104,Business,Marketing 2800/2010 Research Guide,https://libguides.du.edu/marketing2800
105,Business,Marketing 3950 - Integrative Marketing Strategy,https://libguides.du.edu/marketing3950
106,Business,Marketing 4100 - Marketing Concepts,https://libguides.du.edu/marketing4100
107,Business,Marketing 4530 Research Guide - Organic Skincare Industry,https://libguides.du.edu/organicskincare
108,Business,Marketing Research Guide,https://libguides.du.edu/marketing
109,Business,MBA@Denver Research Guide,https://libguides.du.edu/mbaatdenver
110,Business,Mobile Apps Research Guide,https://libguides.du.edu/mobileapps
111,Business,Money Smart Week 2018,https://libguides.du.edu/2018MSW
112,Business,Nonprofit Resources,https://libguides.du.edu/nonprofitresources
113,Business,Nuts & Nut Butters Research Guide,https://libguides.du.edu/nut_butters
114,Business,Recreation Industries Resources,https://libguides.du.edu/recreation
115,Business,Resort and Casino Management,https://libguides.du.edu/resorts
116,Business,Restaurant Industry Resources,https://libguides.du.edu/restaurants
117,Business,Satellite Television Services Research Guide,https://libguides.du.edu/satellite_television
118,Business,Scholarly Business Research,https://libguides.du.edu/scholarlybusinessresearch
119,Business,Security Analysis,https://libguides.du.edu/securityanalysis
120,Business,Ski / Snow Industry Resources,https://libguides.du.edu/ski-industry
121,Business,Smartphone Industry Research Guide,https://libguides.du.edu/smartphones
122,Business,Sports Industry Resources,https://libguides.du.edu/sports
123,Business,Statistics and Datasets,https://libguides.du.edu/datasets
124,Business,Tanzania - Business Research Guide,https://libguides.du.edu/businessintanzania
125,Business,Target Market Research Guide,https://libguides.du.edu/targetmarket
126,Business,Video-on-Demand Research Guide,https://libguides.du.edu/vod
127,Careers,Career Resources Guide,https://libguides.du.edu/careers
128,Chemistry,A Guide to Chemistry Research,https://libguides.du.edu/chemistry
129,Chemistry,CHEM 1001: Article Evaluation Exercise,https://libguides.du.edu/chem1001
130,Chemistry,CHEM 1003: Resources for chemical research assignment,https://libguides.du.edu/chem1003
131,Chemistry,CHEM 2131: Chemistry of the Elements,https://libguides.du.edu/chem2131
132,Chemistry,FSEM 1111-52 - Chemistry and Art,https://libguides.du.edu/chemistry_and_art
133,Chemistry,NSF Data Management Plans,https://libguides.du.edu/nsfdatamanagementplans
134,Chemistry,ReadCube,https://libguides.du.edu/readcube
135,Chemistry,Research Data Management,https://libguides.du.edu/datamanagement
136,Citation Guides/ Bibliography,APA Style Guide for Business,https://libguides.du.edu/apastyleforbusiness
137,Citation Guides/ Bibliography,Center on Human Rights Education Research Guide,https://libguides.du.edu/COHRE
138,Citation Guides/ Bibliography,Chicago Manual of Style,https://libguides.du.edu/chicago
139,Citation Guides/ Bibliography,RefWorks Tutorial,https://libguides.du.edu/Refworks
140,Citation Guides/ Bibliography,Style Manuals and Citation Guides,https://libguides.du.edu/style_manuals
141,Class Guides,Action Research for School Leaders (ADMN 4849),https://libguides.du.edu/actionresearch
142,Class Guides,American Dream and Asian American Experience,https://libguides.du.edu/asianamericans
143,Class Guides,American Youth Violence,https://libguides.du.edu/americanyouthviolence
144,Class Guides,"ANTH 2020 Artifacts, Texts, and Meanings",https://libguides.du.edu/ANTH2020
145,Class Guides,ARTH 3832 - Nineteenth Century Art,https://libguides.du.edu/c.php?g=90192
146,Class Guides,ASEM 2521 - Youth in Italian Fiction,https://libguides.du.edu/ASEM_2521_Youth_in_Italian_Fiction
147,Class Guides,ASEM 2568 - Outsiders in Italian Fiction,https://libguides.du.edu/OutsidersInItalianFiction
148,Class Guides,ASEM 2671 Women and the Wild West,https://libguides.du.edu/asem2671
149,Class Guides,BACP - LOS 2050 - Organizational Behavior,https://libguides.du.edu/los2050
150,Class Guides,BACP - LOS 2100 - Leadership,https://libguides.du.edu/los2100
151,Class Guides,BIOL 2120: Using Literature in Lab Reports,https://libguides.du.edu/biol2120
152,Class Guides,CHEM 1003: Resources for chemical research assignment,https://libguides.du.edu/chem1003
153,Class Guides,CHEM 2131: Chemistry of the Elements,https://libguides.du.edu/chem2131
154,Class Guides,CORE 2620 Inventing America: Dissent and Democratic Culture,https://libguides.du.edu/CORE2620
155,Class Guides,ECON 2510 - The Asian Economies Research Guide,https://libguides.du.edu/econ2510
156,Class Guides,FSEM - Created Beings: From Monsters and Androids to Robots and Cyborgs,https://libguides.du.edu/frankenstein
157,Class Guides,FSEM - Studying Moral Lives,https://libguides.du.edu/studyingmorallives
158,Class Guides,FSEM - The Bible and Social Justice,https://libguides.du.edu/bibleandsocialjustice
159,Class Guides,FSEM 1111 - Geography and Genealogy,https://libguides.du.edu/geography_genealogy
160,Class Guides,FSEM 1111-52 - Chemistry and Art,https://libguides.du.edu/chemistry_and_art
161,Class Guides,FSEM 1500 Women in Transformation,https://libguides.du.edu/fsem1500
162,Class Guides,FSEM 4444 You Are What You Eat: A Course in Food Chemistry,https://libguides.du.edu/fsem4444
163,Class Guides,FSEM: Immigrant Stories: Theirs and Ours,https://libguides.du.edu/immigrant-stories
164,Class Guides,GEOG 1218 - Our Dynamic Earth,https://libguides.du.edu/GEOG1218
165,Class Guides,GEOG 1410: Finding and Evaluating Information,https://libguides.du.edu/geog1410
166,Class Guides,HIST 1520 Immigrant Voices in Modern America,https://libguides.du.edu/hist1520
167,Class Guides,HIST 3670 U.S. Home Front In WWII,https://libguides.du.edu/hist3670
168,Class Guides,Imagining the Amazon/Explorando la Amazonia,https://libguides.du.edu/amazon
169,Class Guides,"INFO Sequence Research Guide (INFO 1010, INFO 2020, etc.)",https://libguides.du.edu/info_sequence
170,Class Guides,Management 2850 - Business & Society Research Guide,https://libguides.du.edu/mgmt2850
171,Class Guides,Marketing 2800/2010 Research Guide,https://libguides.du.edu/marketing2800
172,Class Guides,Marketing 4100 - Marketing Concepts,https://libguides.du.edu/marketing4100
173,Class Guides,"Repulsion, Revulsion, and Repugnance: Horror and its Monsters in Film and Literature",https://libguides.du.edu/horror_monsters
174,Class Guides,Social Welfare Policy,https://libguides.du.edu/socialwelfarepolicy
175,Class Guides,SOWK 4118 Historical U.S. Health Care Policy,https://libguides.du.edu/healthpolicyhistory
176,Class Guides,SOWK 4118 History of Social Welfare and Social Work,https://libguides.du.edu/historysocialwelfare
177,Class Guides,ST 2050 The Scientific Method,https://libguides.du.edu/scientificmethod
178,Class Guides,Teacher as Researcher (CUI 4058),https://libguides.du.edu/cui4058
179,Class Guides,WRIT Classes,https://libguides.du.edu/writclasses
180,Communication Studies,CORE 2620 Inventing America: Dissent and Democratic Culture,https://libguides.du.edu/CORE2620
181,Communication Studies,Human Communication,https://libguides.du.edu/humancommunication
182,Communication Studies,"Literature Reviews for the Humanities, Social Sciences, & Sciences",https://libguides.du.edu/litreview
183,Communication Studies,Psychosocial Instruments,https://libguides.du.edu/psychosocialinstruments
184,Computer Science,A Guide to Computer Science Research,https://libguides.du.edu/cs
185,Computer Science,A Guide to Engineering Research,https://libguides.du.edu/engineering
186,Computer Science,NSF Data Management Plans,https://libguides.du.edu/nsfdatamanagementplans
187,Computer Science,Research Data Management,https://libguides.du.edu/datamanagement
188,"Digital Media (Images, Sound, Video)",Center on Human Rights Education Research Guide,https://libguides.du.edu/COHRE
189,"Digital Media (Images, Sound, Video)",Digital Media Center,https://libguides.du.edu/digitalmediacenter
190,"Digital Media (Images, Sound, Video)",Digital Media Studies,https://libguides.du.edu/dms
191,"Digital Media (Images, Sound, Video)","Find, Use, and Edit Online Images",https://libguides.du.edu/editing-online-images
192,"Digital Media (Images, Sound, Video)",Images,https://libguides.du.edu/images
193,Dissertations / Theses,University Archives,https://libguides.du.edu/universityarchives
194,"Diversity (e.g., Ethnicity, Gender, GLBTQ)","African American Spirituals: Cultural, Historical, and Musical Significance",https://libguides.du.edu/spirituals
195,"Diversity (e.g., Ethnicity, Gender, GLBTQ)",African American Studies,https://libguides.du.edu/africanamericanstudies
196,"Diversity (e.g., Ethnicity, Gender, GLBTQ)",ASEM 2671 Women and the Wild West,https://libguides.du.edu/asem2671
197,"Diversity (e.g., Ethnicity, Gender, GLBTQ)",ASEM 2697 Muslims and Identity in Europe,https://libguides.du.edu/muslimsidentityeurope
198,"Diversity (e.g., Ethnicity, Gender, GLBTQ)",Asian Studies,https://libguides.du.edu/asianstudies
199,"Diversity (e.g., Ethnicity, Gender, GLBTQ)",Center on Human Rights Education Research Guide,https://libguides.du.edu/COHRE
200,"Diversity (e.g., Ethnicity, Gender, GLBTQ)",Diversity and Inclusion Resources,https://libguides.du.edu/dir
201,"Diversity (e.g., Ethnicity, Gender, GLBTQ)",Finding Sources in Spanish,https://libguides.du.edu/spanish
202,"Diversity (e.g., Ethnicity, Gender, GLBTQ)",FSEM 1500 Women in Transformation,https://libguides.du.edu/fsem1500
203,"Diversity (e.g., Ethnicity, Gender, GLBTQ)",Gender and Women's Studies,https://libguides.du.edu/gwst
204,"Diversity (e.g., Ethnicity, Gender, GLBTQ)",HIST 1520 Immigrant Voices in Modern America,https://libguides.du.edu/hist1520
205,"Diversity (e.g., Ethnicity, Gender, GLBTQ)","Lesbian, Gay, Bisexual, and Transgender Studies",https://libguides.du.edu/lgbt
206,"Diversity (e.g., Ethnicity, Gender, GLBTQ)",Native American Studies,https://libguides.du.edu/nativeamericanstudies
207,"Diversity (e.g., Ethnicity, Gender, GLBTQ)",Religious Studies and DU/Iliff Joint PhD Program,https://libguides.du.edu/religiousstudies
208,"Diversity (e.g., Ethnicity, Gender, GLBTQ)",Resources for Veterans,https://libguides.du.edu/veterans
209,"Diversity (e.g., Ethnicity, Gender, GLBTQ)",SOWK 4118 Historical U.S. Immigration Policy,https://libguides.du.edu/immigrationpolicyhistory
210,Economics,ECON 2510 - The Asian Economies Research Guide,https://libguides.du.edu/econ2510
211,Economics,Economics and Statistical Sources,https://libguides.du.edu/economics
212,Economics,Environmental Finance and Economics,https://libguides.du.edu/epm4003
213,Economics,Guide for Economic Graduate Students on How Write & Present a Thesis,https://libguides.du.edu/econgraduatethesisguide
214,Economics,Guide for Economic Undergraduate Students on How to Write & Present a Thesis,https://libguides.du.edu/econundergraduatethesisguide
215,Economics,Inter-University Consortium for Political and Social Research (ICPSR) Research Guide,https://libguides.du.edu/ICPSR
216,Economics,Latin American Political Economic Development,https://libguides.du.edu/LatinAmericanEconomic
217,Economics,Statistics and Datasets,https://libguides.du.edu/datasets
218,Education,Action Research for School Leaders (ADMN 4849),https://libguides.du.edu/actionresearch
219,Education,Early Childhood Special Education,https://libguides.du.edu/earlychildhood
220,Education,Education,https://libguides.du.edu/education
221,Education,Educational Testing and Measurement,https://libguides.du.edu/educationaltests
222,Education,Library and Information Science,https://libguides.du.edu/lis
223,Education,Sport Coaching,https://libguides.du.edu/sportcoaching
224,Education,Teacher as Researcher (CUI 4058),https://libguides.du.edu/cui4058
225,Education,Teacher Education Program,https://libguides.du.edu/tep
226,Emergent Digital Practices,Emergent Digital Practices,https://libguides.du.edu/emergentdigitalpractices
227,Emergent Digital Practices,Research Data Management,https://libguides.du.edu/datamanagement
228,Engineering,A Guide to Computer Science Research,https://libguides.du.edu/cs
229,Engineering,A Guide to Engineering Research,https://libguides.du.edu/engineering
230,Engineering,NSF Data Management Plans,https://libguides.du.edu/nsfdatamanagementplans
231,Engineering,Renewable Energy Information Sources,https://libguides.du.edu/renewables
232,Engineering,Research Data Management,https://libguides.du.edu/datamanagement
233,Environmental Studies,A Guide to Environmental Science Research,https://libguides.du.edu/environment
234,Environmental Studies,A Guide to Geography Research,https://libguides.du.edu/geography
235,Environmental Studies,Environmental Finance and Economics,https://libguides.du.edu/epm4003
236,Environmental Studies,Global Environmental Governance,https://libguides.du.edu/EnvironmentalGovernance
237,Environmental Studies,NSF Data Management Plans,https://libguides.du.edu/nsfdatamanagementplans
238,Environmental Studies,ReadCube,https://libguides.du.edu/readcube
239,Environmental Studies,Renewable Energy Information Sources,https://libguides.du.edu/renewables
240,Environmental Studies,Research Data Management,https://libguides.du.edu/datamanagement
241,Ethics,Center on Human Rights Education Research Guide,https://libguides.du.edu/COHRE
242,Film Studies,Film Studies,https://libguides.du.edu/filmstudies
243,Genealogy,Ira M. and Peryle Hayutin Beck Memorial Archives,https://libguides.du.edu/c.php?g=629200
244,Geography / Geology,A Guide to Geography Research,https://libguides.du.edu/geography
245,Geography / Geology,GEOG 1218 - Our Dynamic Earth,https://libguides.du.edu/GEOG1218
246,Geography / Geology,GEOG 1410: Finding and Evaluating Information,https://libguides.du.edu/geog1410
247,Geography / Geology,NSF Data Management Plans,https://libguides.du.edu/nsfdatamanagementplans
248,Geography / Geology,ReadCube,https://libguides.du.edu/readcube
249,Geography / Geology,Research Data Management,https://libguides.du.edu/datamanagement
250,Government Information,Center on Human Rights Education Research Guide,https://libguides.du.edu/COHRE
251,Government Information,Chicago Manual of Style,https://libguides.du.edu/chicago
252,Government Information,Congressional Hearings: Locating Recent Transcripts,https://libguides.du.edu/c.php?g=425308
253,Government Information,Congressional Research Service (CRS) Publications,https://libguides.du.edu/CRS
254,Government Information,Decennial Censuses of the United States,https://libguides.du.edu/census
255,Government Information,Foreign Broadcast Information Service (FBIS) Documents,https://libguides.du.edu/FBIS
256,Government Information,Government Documents Ready Reference Online Shelf,https://libguides.du.edu/DocsRef
257,Government Information,Government Documents Virtual Shelf Browse,https://libguides.du.edu/BrowseDocs
258,Government Information,Homeland Security Research,https://libguides.du.edu/homelandsecurity
259,Government Information,Inter-University Consortium for Political and Social Research (ICPSR) Research Guide,https://libguides.du.edu/ICPSR
260,Government Information,Laws and Regulations (United States),https://libguides.du.edu/LawsRegs
261,Government Information,Legislative Research (United States),https://libguides.du.edu/legislative
262,Government Information,NSF Data Management Plans,https://libguides.du.edu/nsfdatamanagementplans
263,Government Information,Public Policy,https://libguides.du.edu/PublicPolicy
264,Government Information,Research Data Management,https://libguides.du.edu/datamanagement
265,Government Information,What is Congress Doing Now?,https://libguides.du.edu/congresstracking
266,Grants,Funding Opportunities & Grants Research,https://libguides.du.edu/grantsresearch
267,Grants,NSF Data Management Plans,https://libguides.du.edu/nsfdatamanagementplans
268,Grants,Research Data Management,https://libguides.du.edu/datamanagement
269,Grants,Research Funding & Grants for Graduate Students,https://libguides.du.edu/grants
270,Grants,UCOL Leadership/Organization - Grants and Foundations,https://libguides.du.edu/UCOLgrants
271,Health / Medicine,A Guide to Biology Research,https://libguides.du.edu/biology
272,Health / Medicine,A Guide to Health & Medical Research,https://libguides.du.edu/health-medical
273,Health / Medicine,Healthcare Leadership,https://libguides.du.edu/healthcareleadership
274,Health / Medicine,NSF Data Management Plans,https://libguides.du.edu/nsfdatamanagementplans
275,Health / Medicine,ReadCube,https://libguides.du.edu/readcube
276,Health / Medicine,Research Data Management,https://libguides.du.edu/datamanagement
277,Health / Medicine,Sport Coaching,https://libguides.du.edu/sportcoaching
278,History (US),"African American Spirituals: Cultural, Historical, and Musical Significance",https://libguides.du.edu/spirituals
279,History (US),African American Studies,https://libguides.du.edu/africanamericanstudies
280,History (US),American Elections,https://libguides.du.edu/AmericanElections
281,History (US),American Government,https://libguides.du.edu/c.php?g=90219
282,History (US),ASEM 2671 Women and the Wild West,https://libguides.du.edu/asem2671
283,History (US),Colorado History - Research for Primary Sources,https://libguides.du.edu/coloradohistory
284,History (US),Comparative Fascism in Europe,https://libguides.du.edu/comparativefascism
285,History (US),Congressional Research Service (CRS) Publications,https://libguides.du.edu/CRS
286,History (US),Foreign Broadcast Information Service (FBIS) Documents,https://libguides.du.edu/FBIS
287,History (US),HIST 1240 - Comparative History of Medicine,https://libguides.du.edu/chinesemedicine
288,History (US),HIST 1360: World War I,https://libguides.du.edu/firstworldwar
289,History (US),HIST 1520 Immigrant Voices in Modern America,https://libguides.du.edu/hist1520
290,History (US),HIST 3670 U.S. Home Front In WWII,https://libguides.du.edu/hist3670
291,History (US),HIST 3989 - Senior Seminar,https://libguides.du.edu/hist3989
292,History (US),Immigrant Voices in Modern America - Historical American Newspapers,https://libguides.du.edu/immigrantvoices
293,History (US),Ira M. and Peryle Hayutin Beck Memorial Archives,https://libguides.du.edu/c.php?g=629200
294,History (US),Native American Studies,https://libguides.du.edu/nativeamericanstudies
295,History (US),Resources for American History,https://libguides.du.edu/history
296,History (US),Veterans Legacy Project,https://libguides.du.edu/veterans_legacy_project
297,History (US),World War II - Historical American Newspapers,https://libguides.du.edu/ww2americannewspapers
298,History (US),WRIT 1733 - America - Americana,https://libguides.du.edu/america/americana
299,History (World),18th Century British Digital Collections,https://libguides.du.edu/18thcenturybritish
300,History (World),ANTH 3701 - Archaeology of Colonial Entanglements,https://libguides.du.edu/anth3701
301,History (World),British Studies,https://libguides.du.edu/britishstudies
302,History (World),Comparative Fascism in Europe,https://libguides.du.edu/comparativefascism
303,History (World),Foreign Press Translations In Print,https://libguides.du.edu/foreignpress
304,History (World),HIST 1240 - Comparative History of Medicine,https://libguides.du.edu/chinesemedicine
305,History (World),HIST 1360: World War I,https://libguides.du.edu/firstworldwar
306,History (World),HIST 3989 - Senior Seminar,https://libguides.du.edu/hist3989
307,History (World),Ira M. and Peryle Hayutin Beck Memorial Archives,https://libguides.du.edu/c.php?g=629200
308,History (World),USC Shoah Fountation Visual History Archive,https://libguides.du.edu/visualhistoryarchive
309,International Studies,ASEM 2697 Muslims and Identity in Europe,https://libguides.du.edu/muslimsidentityeurope
310,International Studies,Center on Human Rights Education Research Guide,https://libguides.du.edu/COHRE
311,International Studies,Chicago Manual of Style,https://libguides.du.edu/chicago
312,International Studies,Contemporary Slavery and Human Rights/Human Trafficking,https://libguides.du.edu/Slavery
313,International Studies,Country Studies,https://libguides.du.edu/CountryStudies
314,International Studies,Foreign Press Translations In Print,https://libguides.du.edu/foreignpress
315,International Studies,Global Environmental Governance,https://libguides.du.edu/EnvironmentalGovernance
316,International Studies,Homeland Security Research,https://libguides.du.edu/homelandsecurity
317,International Studies,Human Rights Research,https://libguides.du.edu/humanrights
318,International Studies,International Documents and Legal Resources,https://libguides.du.edu/InternationalLegal
319,International Studies,International Studies,https://libguides.du.edu/InternationalStudies
320,International Studies,International Studies-Degree Programs,https://libguides.du.edu/ints
321,International Studies,Latin American Political Economic Development,https://libguides.du.edu/LatinAmericanEconomic
322,International Studies,Political Risk Analysis,https://libguides.du.edu/PoliticalRisk
323,International Studies,Security Studies,https://libguides.du.edu/Security
324,International Studies,Treaty Resources,https://libguides.du.edu/Treaties
325,International Studies,United Nations Research,https://libguides.du.edu/UN
326,Journalism / Media Studies,Mass Communication and Journalism,https://libguides.du.edu/masscommunication
327,Journalism / Media Studies,MFJS 2140 Introduction to Newswriting,https://libguides.du.edu/intronewswriting
328,Journalism / Media Studies,MFJS 2210 Introduction to Media and Culture,https://libguides.du.edu/intromediaculture
329,Judaic Studies,Ira M. and Peryle Hayutin Beck Memorial Archives,https://libguides.du.edu/c.php?g=629200
330,Judaic Studies,USC Shoah Fountation Visual History Archive,https://libguides.du.edu/visualhistoryarchive
331,Language & Linguistics,English Language Center Extensive Reading Materials,https://libguides.du.edu/elc
332,Language & Linguistics,Finding Sources in Spanish,https://libguides.du.edu/spanish
333,Language & Linguistics,JAPN 3100 - Advanced Conversation & Composition,https://libguides.du.edu/japn3100
334,Language & Linguistics,Language Learning Programs,https://libguides.du.edu/languagelearning
335,Law / Legal Studies,Center on Human Rights Education Research Guide,https://libguides.du.edu/COHRE
336,Law / Legal Studies,International Documents and Legal Resources,https://libguides.du.edu/InternationalLegal
337,Law / Legal Studies,Laws and Regulations (United States),https://libguides.du.edu/LawsRegs
338,Law / Legal Studies,Legislative Research (United States),https://libguides.du.edu/legislative
339,Library and Information Sciences,Library and Information Science,https://libguides.du.edu/lis
340,Literature,18th Century Literary Studies,https://libguides.du.edu/18thcenturyliterature
341,Literature,African American Studies,https://libguides.du.edu/africanamericanstudies
342,Literature,ASEM 2568 - Outsiders in Italian Fiction,https://libguides.du.edu/OutsidersInItalianFiction
343,Literature,ASEM: The Unfathomable Russian Soul,https://libguides.du.edu/unfathomable_russian_soul
344,Literature,British Studies,https://libguides.du.edu/britishstudies
345,Literature,Correspondence of British Literary Figures 18-19th Centuries,https://libguides.du.edu/british_literary_letters
346,Literature,Dead Sea Scrolls (DSS),https://libguides.du.edu/dss
347,Literature,English Literature,https://libguides.du.edu/bibresmethods
348,Literature,English Literature - Bibliography and Research Methods - 10 Year Review,https://libguides.du.edu/englishtenyearreview
349,Literature,English Literature - Research Funding & Grants for Graduate Students,https://libguides.du.edu/englitgrants
350,Literature,English Literature- Short Story Guide,https://libguides.du.edu/shortstories
351,Literature,Finding Quotations,https://libguides.du.edu/quotations
352,Literature,Finding Sources in Spanish,https://libguides.du.edu/spanish
353,Literature,Harlem Renaissance,https://libguides.du.edu/harlemrenaissance
354,Literature,Imagining the Amazon/Explorando la Amazonia,https://libguides.du.edu/amazon
355,Literature,Introductory Topics in English: Historical Fiction,https://libguides.du.edu/historicalfiction
356,Literature,Literary Research: Strategies and Sources,https://libguides.du.edu/literaryresearchseries
357,Literature,Literature - English-language literatures,https://libguides.du.edu/generalenglishliterature
358,Literature,Modern Japan: Changing Perspectives in Literature and Culture,https://libguides.du.edu/modernjapan
359,Literature,Spain in the Southwest,https://libguides.du.edu/spainsouthwest
360,Literature,SPAN 3990: Imaginando Tahuantinsuyu,https://libguides.du.edu/SPAN3990_Imaginando_Tahuantinsuyu
361,Literature,Virginia Woolf and the Victorians,https://libguides.du.edu/woolf
362,Management,Management 2850 - Business & Society Research Guide,https://libguides.du.edu/mgmt2850
363,Management,Project Management Dynamics,https://libguides.du.edu/c.php?g=789110
364,Marketing,Marketing 2800/2010 Research Guide,https://libguides.du.edu/marketing2800
365,Marketing,Marketing 4100 - Marketing Concepts,https://libguides.du.edu/marketing4100
366,Marketing,Marketing Research Guide,https://libguides.du.edu/marketing
367,Mathematics,A Guide to Mathematics Research,https://libguides.du.edu/math
368,Mathematics,Research Data Management,https://libguides.du.edu/datamanagement
369,Music,"African American Spirituals: Cultural, Historical, and Musical Significance",https://libguides.du.edu/spirituals
370,Music,Jazz Research Resources,https://libguides.du.edu/jazz
371,Music,Music Research - Composition,https://libguides.du.edu/music_research_composition
372,Music,Music Research - Ethnomusicology,https://libguides.du.edu/music_research_ethnomusicology
373,Music,Music Research - General,https://libguides.du.edu/music_research_general
374,Music,Music Research - Music Business and Careers,https://libguides.du.edu/music_research_business
375,Music,Music Research - Open Web Resources,https://libguides.du.edu/music_research_open_web
376,Music,Music Research - Theory,https://libguides.du.edu/music_research_theory
377,Music,Repertory - Brass - Horn,https://libguides.du.edu/repertory_brass_horn
378,Music,Repertory - Brass - Trombone,https://libguides.du.edu/repertory_brass_trombone
379,Music,Repertory - Brass - Trumpet,https://libguides.du.edu/repertory_brass_trumpet
380,Music,Repertory - Brass - Tuba,https://libguides.du.edu/repertory_brass_tuba
381,Music,Repertory - Guitar,https://libguides.du.edu/repertory_guitar
382,Music,Repertory - Harp,https://libguides.du.edu/repertory_harp
383,Music,Repertory - Percussion,https://libguides.du.edu/repertory_percussion
384,Music,Repertory - Strings - Bass,https://libguides.du.edu/repertory_strings_bass
385,Music,Repertory - Strings - Cello,https://libguides.du.edu/repertory_strings_cello
386,Music,Repertory - Strings - Viola,https://libguides.du.edu/repertory_strings_viola
387,Music,Repertory - Strings - Violin,https://libguides.du.edu/repertory_strings_violin
388,Music,Repertory - Woodwinds - Bassoon,https://libguides.du.edu/repertory_winds_bassoon
389,Music,Repertory - Woodwinds - Clarinet,https://libguides.du.edu/repertory_winds_clarinet
390,Music,Repertory - Woodwinds - Flute,https://libguides.du.edu/repertory_winds_flute
391,Music,Repertory - Woodwinds - Oboe,https://libguides.du.edu/repertory_winds_oboe
392,Newspapers (Current),Newspapers - Current,https://libguides.du.edu/currentnewspapers
393,Newspapers (Historical),Center for Research Libraries,https://libguides.du.edu/CRL
394,Philosophy,Philosophy,https://libguides.du.edu/philosophy
395,Physics and Astronomy,A Guide to Physics & Astronomy Research,https://libguides.du.edu/phys-astro
396,Physics and Astronomy,ReadCube,https://libguides.du.edu/readcube
397,Physics and Astronomy,Research Data Management,https://libguides.du.edu/datamanagement
398,Political Science,American Elections,https://libguides.du.edu/AmericanElections
399,Political Science,American Government,https://libguides.du.edu/c.php?g=90219
400,Political Science,Comparative Politics,https://libguides.du.edu/ComparativePolitics
401,Political Science,Congressional Research Service (CRS) Publications,https://libguides.du.edu/CRS
402,Political Science,Global Environmental Governance,https://libguides.du.edu/EnvironmentalGovernance
403,Political Science,Inter-University Consortium for Political and Social Research (ICPSR) Research Guide,https://libguides.du.edu/ICPSR
404,Political Science,Latin American Political Economic Development,https://libguides.du.edu/LatinAmericanEconomic
405,Political Science,Legislative Research (United States),https://libguides.du.edu/legislative
406,Political Science,Political Risk Analysis,https://libguides.du.edu/PoliticalRisk
407,Political Science,Political Science - State Politics,https://libguides.du.edu/StatePolitics
408,Political Science,Public Opinion Research,https://libguides.du.edu/PublicOpinion
409,Political Science,Public Policy,https://libguides.du.edu/PublicPolicy
410,Political Science,What is Congress Doing Now?,https://libguides.du.edu/congresstracking
411,Psychology,Forensic Psychology,https://libguides.du.edu/forensicpsychology
412,Psychology,International Disaster Psychology,https://libguides.du.edu/internationaldisasterpsychology
413,Psychology,"Literature Reviews for the Humanities, Social Sciences, & Sciences",https://libguides.du.edu/litreview
414,Psychology,PSYC 3050 Research Methods,https://libguides.du.edu/psyc3050
415,Psychology,Psychology,https://libguides.du.edu/psychology
416,Psychology,Psychosocial Instruments,https://libguides.du.edu/psychosocialinstruments
417,Psychology,SOWK 4201 Evidence for Practice,https://libguides.du.edu/evidenceforpractice
418,Psychology,Sport and Performance Psychology,https://libguides.du.edu/sportandperformancepsychology
419,Psychology,Sport Coaching,https://libguides.du.edu/sportcoaching
420,Religious Studies,Biblical Studies & Christian Origins,https://libguides.du.edu/bsco
421,Religious Studies,"Culture, Psyche, and Religion",https://libguides.du.edu/culture_psyche_religion
422,Religious Studies,Dead Sea Scrolls (DSS),https://libguides.du.edu/dss
423,Religious Studies,Islam and Gender,https://libguides.du.edu/islamandgender
424,Religious Studies,Islamic Studies,https://libguides.du.edu/islamicstudies
425,Religious Studies,Jesus on the Silver Screen,https://libguides.du.edu/jesussilverscreen
426,Religious Studies,Philosophy,https://libguides.du.edu/philosophy
427,Religious Studies,Religious Studies and DU/Iliff Joint PhD Program,https://libguides.du.edu/religiousstudies
428,Religious Studies,RLGS 3302 - Islamic Fundamentalism,https://libguides.du.edu/islamic_fundamentalism
429,Science,A Guide to Biology Research,https://libguides.du.edu/biology
430,Science,A Guide to Chemistry Research,https://libguides.du.edu/chemistry
431,Science,A Guide to Computer Science Research,https://libguides.du.edu/cs
432,Science,A Guide to Engineering Research,https://libguides.du.edu/engineering
433,Science,A Guide to Environmental Science Research,https://libguides.du.edu/environment
434,Science,A Guide to Geography Research,https://libguides.du.edu/geography
435,Science,A Guide to Health & Medical Research,https://libguides.du.edu/health-medical
436,Science,A Guide to Mathematics Research,https://libguides.du.edu/math
437,Science,A Guide to Physics & Astronomy Research,https://libguides.du.edu/phys-astro
438,Science,General Science Resources,https://libguides.du.edu/general_science
439,Science,NSF Data Management Plans,https://libguides.du.edu/nsfdatamanagementplans
440,Science,ReadCube,https://libguides.du.edu/readcube
441,Science,Renewable Energy Information Sources,https://libguides.du.edu/renewables
442,Science,Research Data Management,https://libguides.du.edu/datamanagement
443,Science,ST 2050 The Scientific Method,https://libguides.du.edu/scientificmethod
444,Social Work,Center on Human Rights Education Research Guide,https://libguides.du.edu/COHRE
445,Social Work,"Literature Reviews for the Humanities, Social Sciences, & Sciences",https://libguides.du.edu/litreview
446,Social Work,Psychosocial Instruments,https://libguides.du.edu/psychosocialinstruments
447,Social Work,Social Welfare Policy,https://libguides.du.edu/socialwelfarepolicy
448,Social Work,Social Work,https://libguides.du.edu/socialwork
449,Social Work,SOWK 4118 Historical U.S. Health Care Policy,https://libguides.du.edu/healthpolicyhistory
450,Social Work,SOWK 4118 Historical U.S. Immigration Policy,https://libguides.du.edu/immigrationpolicyhistory
451,Social Work,SOWK 4118 History of Social Welfare and Social Work,https://libguides.du.edu/historysocialwelfare
452,Social Work,SOWK 4201 Evidence for Practice,https://libguides.du.edu/evidenceforpractice
453,Social Work,Staying Informed in Social Work Practice,https://libguides.du.edu/gsswstayinformed
454,Sociology / Criminology,American Youth Violence,https://libguides.du.edu/americanyouthviolence
455,Sociology / Criminology,ASEM 2697 Muslims and Identity in Europe,https://libguides.du.edu/muslimsidentityeurope
456,Sociology / Criminology,Center on Human Rights Education Research Guide,https://libguides.du.edu/COHRE
457,Sociology / Criminology,Criminology,https://libguides.du.edu/criminology
458,Sociology / Criminology,Inter-University Consortium for Political and Social Research (ICPSR) Research Guide,https://libguides.du.edu/ICPSR
459,Sociology / Criminology,SOCI 2005 and 2006 Sociological Imagination and Inquiry,https://libguides.du.edu/socimagination
460,Sociology / Criminology,Sociology,https://libguides.du.edu/sociology
461,Statistics / Datasets,Center on Human Rights Education Research Guide,https://libguides.du.edu/COHRE
462,Statistics / Datasets,"INFO Sequence Research Guide (INFO 1010, INFO 2020, etc.)",https://libguides.du.edu/info_sequence
463,Statistics / Datasets,Inter-University Consortium for Political and Social Research (ICPSR) Research Guide,https://libguides.du.edu/ICPSR
464,Statistics / Datasets,Statistics and Datasets,https://libguides.du.edu/datasets
465,Theatre,Dance - Tango,https://libguides.du.edu/tango
466,Theatre,Dance Resources,https://libguides.du.edu/dance
467,Theatre,THEA 1862 - 1 - Discovering Dramatic Literature,https://libguides.du.edu/thea1862
468,Theatre,Theatre,https://libguides.du.edu/theatre
469,Theatre,Theatre Costume History and Design: Selected Resources,https://libguides.du.edu/theatrecostumes
470,Theatre,THTR 2884 - Theatre Management,https://libguides.du.edu/theatremanagement
471,Tutorials,"Literature Reviews for the Humanities, Social Sciences, & Sciences",https://libguides.du.edu/litreview
472,Tutorials,Searching with Compass,https://libguides.du.edu/c.php?g=568230
473,Tutorials,Using Yewno Discover,https://libguides.du.edu/yewno
474,University College,Distance Education,https://libguides.du.edu/distancestudents
475,University College,Environmental Finance and Economics,https://libguides.du.edu/epm4003
476,University College,Healthcare Leadership,https://libguides.du.edu/healthcareleadership
477,University College,ICT 4010 Enterprise Architecture,https://libguides.du.edu/ict4010
478,University College,Project Management Dynamics,https://libguides.du.edu/c.php?g=789110
479,University College,UCOL Leadership/Organization - Grants and Foundations,https://libguides.du.edu/UCOLgrants
480,University College,University College Research Courses Guide,https://libguides.du.edu/ucolresearch
481,Women's College,ASEM 2671 Women and the Wild West,https://libguides.du.edu/asem2671
482,Women's College,FSEM 1500 Women in Transformation,https://libguides.du.edu/fsem1500
483,Writing,Center on Human Rights Education Research Guide,https://libguides.du.edu/COHRE
484,Writing,Colorado History - Research for Primary Sources,https://libguides.du.edu/coloradohistory
485,Writing,Multimodal Resources,https://libguides.du.edu/multimodal
486,Writing,University College Research Courses Guide,https://libguides.du.edu/ucolresearch
487,Writing,WRIT 1122 - Visual Rhetoric,https://libguides.du.edu/aestheticgaze
488,Writing,WRIT 1133 - Authority is Constructed and Contextual,https://libguides.du.edu/authority_is_contextual
489,Writing,WRIT 1133 - Photographs,https://libguides.du.edu/photographs
490,Writing,WRIT Classes,https://libguides.du.edu/writclasses
