,Category,Subject,Link
0,Academic / Interdisciplinary,Architecture of the University of Oregon,https://researchguides.uoregon.edu/university-oregon-architecture
1,Academic / Interdisciplinary,Citation and Plagiarism,https://researchguides.uoregon.edu/citing-plagiarism
2,Academic / Interdisciplinary,Clark Honors College Research Guide,https://researchguides.uoregon.edu/honors-college
3,Academic / Interdisciplinary,Diversity Research,https://researchguides.uoregon.edu/diversity
4,Academic / Interdisciplinary,Economic Privilege,https://researchguides.uoregon.edu/economic-privilege
5,Academic / Interdisciplinary,Finding Images,https://researchguides.uoregon.edu/images
6,Academic / Interdisciplinary,Getting Started with Research,https://researchguides.uoregon.edu/getting-started
7,Academic / Interdisciplinary,Language Tools,https://researchguides.uoregon.edu/languagetools
8,Academic / Interdisciplinary,Online Aerial Photography,https://researchguides.uoregon.edu/online-aerial-photography
9,Academic / Interdisciplinary,Open Access & Scholarly Communication,https://researchguides.uoregon.edu/oa
10,Academic / Interdisciplinary,Oregon Digital,https://researchguides.uoregon.edu/Oregon-Digital
11,Academic / Interdisciplinary,Requesting Library Materials,https://researchguides.uoregon.edu/requesting-materials
12,Academic / Interdisciplinary,WR 123 Courses,https://researchguides.uoregon.edu/WR-Courses
13,Academic / Interdisciplinary,Common Reading 2018-2019: The Best We Could Do,https://researchguides.uoregon.edu/commonreading
14,African Studies,African History,https://researchguides.uoregon.edu/african-history
15,African Studies,African Studies,https://researchguides.uoregon.edu/African-Studies
16,African Studies,African-American History,https://researchguides.uoregon.edu/african-american-history
17,African Studies,Country Profiles,https://researchguides.uoregon.edu/countryprofiles
18,African Studies,"HIST 407: The South African War, 1899-1902",https://researchguides.uoregon.edu/south-african-war
19,Anthropology,Anthropology & Archaeology,https://researchguides.uoregon.edu/anthropology
20,Anthropology,Biological Anthropology,https://researchguides.uoregon.edu/bio-anthropology
21,Anthropology,Finding Images,https://researchguides.uoregon.edu/images
22,Anthropology,Food Studies,https://researchguides.uoregon.edu/food
23,Anthropology,Museum Studies,https://researchguides.uoregon.edu/museums
24,Anthropology,Oregon's Latino Roots,https://researchguides.uoregon.edu/oregons-latino-roots
25,Anthropology,ANTH 341: Food Origins,https://researchguides.uoregon.edu/foodorigins
26,Anthropology,ANTH 431/531: Plants and People,https://researchguides.uoregon.edu/anth410plants
27,Anthropology,FIG: Exploring Africa,https://researchguides.uoregon.edu/exploringafrica
28,Archaeology,Anthropology & Archaeology,https://researchguides.uoregon.edu/anthropology
29,Archaeology,Biological Anthropology,https://researchguides.uoregon.edu/bio-anthropology
30,Archaeology,Museum Studies,https://researchguides.uoregon.edu/museums
31,Archaeology,ANTH 341: Food Origins,https://researchguides.uoregon.edu/foodorigins
32,Archaeology,ANTH 431/531: Plants and People,https://researchguides.uoregon.edu/anth410plants
33,Architecture,Architecture,https://researchguides.uoregon.edu/architecture
34,Architecture,Architecture of the University of Oregon,https://researchguides.uoregon.edu/university-oregon-architecture
35,Architecture,Art History & Architecture History,https://researchguides.uoregon.edu/art-history
36,Architecture,Finding Images,https://researchguides.uoregon.edu/images
37,Architecture,Historic Knight Library: Art & Architecture,https://researchguides.uoregon.edu/historic-knight
38,Architecture,Special Collections in the Design Library,https://researchguides.uoregon.edu/aaa-special
39,Art,Art,https://researchguides.uoregon.edu/art
40,Art,Artists' Books,https://researchguides.uoregon.edu/artists-books
41,Art,Comics & Cartoon Studies,https://researchguides.uoregon.edu/comics-cartoons
42,Art,Finding Images,https://researchguides.uoregon.edu/images
43,Art,Special Collections in the Design Library,https://researchguides.uoregon.edu/aaa-special
44,Art History and Architecture History,Architecture of the University of Oregon,https://researchguides.uoregon.edu/university-oregon-architecture
45,Art History and Architecture History,Art History & Architecture History,https://researchguides.uoregon.edu/art-history
46,Art History and Architecture History,Artists' Books,https://researchguides.uoregon.edu/artists-books
47,Art History and Architecture History,Comics & Cartoon Studies,https://researchguides.uoregon.edu/comics-cartoons
48,Art History and Architecture History,Finding Images,https://researchguides.uoregon.edu/images
49,Art History and Architecture History,Historic Knight Library: Art & Architecture,https://researchguides.uoregon.edu/historic-knight
50,Art History and Architecture History,Medieval Studies,https://researchguides.uoregon.edu/medieval-studies
51,Art History and Architecture History,Museum Studies,https://researchguides.uoregon.edu/museums
52,Art History and Architecture History,Online Aerial Photography,https://researchguides.uoregon.edu/online-aerial-photography
53,Art History and Architecture History,Oregon Digital,https://researchguides.uoregon.edu/Oregon-Digital
54,Art History and Architecture History,Special Collections in the Design Library,https://researchguides.uoregon.edu/aaa-special
55,Art History and Architecture History,ARH 399: Aztec Art,https://researchguides.uoregon.edu/arh399-aztec
56,Art History and Architecture History,HC 221H: The Arts of Pilgrimage in the Middle Ages,https://researchguides.uoregon.edu/HC221-arts-pilgrimage
57,Arts and Administration,Artists' Books,https://researchguides.uoregon.edu/artists-books
58,Arts and Administration,Arts and Administration,https://researchguides.uoregon.edu/aad
59,Arts and Administration,Comics & Cartoon Studies,https://researchguides.uoregon.edu/comics-cartoons
60,Arts and Administration,Museum Studies,https://researchguides.uoregon.edu/museums
61,Asian Studies,Chinese Studies,https://researchguides.uoregon.edu/Chinese-Studies
62,Asian Studies,Comics & Cartoon Studies,https://researchguides.uoregon.edu/comics-cartoons
63,Asian Studies,Country Profiles,https://researchguides.uoregon.edu/countryprofiles
64,Asian Studies,e-Asia Digital Library,https://researchguides.uoregon.edu/e-Asia-Digital-Library
65,Asian Studies,East Asian History,https://researchguides.uoregon.edu/east-asian-history
66,Asian Studies,Japanese Manga and Anime,https://researchguides.uoregon.edu/manga
67,Asian Studies,Japanese Studies,https://researchguides.uoregon.edu/japanese-studies
68,Asian Studies,Korean Studies,https://researchguides.uoregon.edu/korean-studies
69,Asian Studies,Special Collections in the Design Library,https://researchguides.uoregon.edu/aaa-special
70,Asian Studies,ASIA 350: What is Asia?,https://researchguides.uoregon.edu/Asia350
71,Asian Studies,HIST 490/590: Japan in the Age of the Shoguns,https://researchguides.uoregon.edu/c.php?g=731478
72,Asian Studies,HIST 498/598: Medieval Japan,https://researchguides.uoregon.edu/warringages
73,Asian Studies,PS 342: Politics of China,https://researchguides.uoregon.edu/PS342
74,Asian Studies,REL 410/510: Death and the Afterlife in East Asia,https://researchguides.uoregon.edu/rel407
75,Biology,Biological Anthropology,https://researchguides.uoregon.edu/bio-anthropology
76,Biology,Biology,https://researchguides.uoregon.edu/bio
77,Biology,BI 132: Introduction to Animal Behavior,https://researchguides.uoregon.edu/BI_132_Animal-Behavior
78,Books / eBooks,Popular Reading Collection,https://researchguides.uoregon.edu/popular-reading
79,Business,Accounting,https://researchguides.uoregon.edu/accounting
80,Business,Business,https://researchguides.uoregon.edu/business
81,Business,Business Analytics,https://researchguides.uoregon.edu/analytics
82,Business,Entrepreneurship & Business Planning,https://researchguides.uoregon.edu/entrepreneur
83,Business,Finance,https://researchguides.uoregon.edu/finance
84,Business,International Business,https://researchguides.uoregon.edu/internationalbiz
85,Business,Marketing,https://researchguides.uoregon.edu/marketing
86,Business,Oregon Executive MBA,https://researchguides.uoregon.edu/oregon_executive_mba
87,Business,Sports Business,https://researchguides.uoregon.edu/sports_products_management
88,Business,Sports Business Law,https://researchguides.uoregon.edu/sportslaw
89,Business,BA 215: Language of Business Decision,https://researchguides.uoregon.edu/ba215
90,Business,"BA 315: Economy, Industry, and Competitive Analysis",https://researchguides.uoregon.edu/ba315
91,Business,BA 316: Management: Value through People,https://researchguides.uoregon.edu/ba316
92,Business,BA 317: Marketing Value for Customer,https://researchguides.uoregon.edu/ba317_mktg_value_for_customer
93,Business,BA 453: Business Strategy & Planning,https://researchguides.uoregon.edu/ba453_business_strategy
94,Business,MGMT 321: Managing Organizations,https://researchguides.uoregon.edu/mgmt321_managing_organizations
95,Business,MGMT 335: Launching New Ventures,https://researchguides.uoregon.edu/mgmt335_launching_new_ventures
96,Business,MGMT 415: Human Resources Management,https://researchguides.uoregon.edu/mgmt415_human_resource_management
97,Business,MKTG 390: Marketing Research,https://researchguides.uoregon.edu/mktg390_marketing_research
98,Business,MKTG 420: Marketing Communications,https://researchguides.uoregon.edu/mktg420
99,Business,MKTG 660: Marketing Research,https://researchguides.uoregon.edu/mktg660_marketing_research
100,Business,SBUS 450: Sports Marketing,https://researchguides.uoregon.edu/sbus450_sports_marketing
101,Chemistry,Chemistry,https://researchguides.uoregon.edu/chemistry
102,Cinema Studies,Cinema Studies,https://researchguides.uoregon.edu/cinema_studies
103,Cinema Studies,German Cinema,https://researchguides.uoregon.edu/german_cinema
104,Cinema Studies,Moving Image Collections in Special Collections & University Archives,https://researchguides.uoregon.edu/moving_images
105,Cinema Studies,Queer Cinema,https://researchguides.uoregon.edu/queer_cinema
106,Cinema Studies,Television Studies,https://researchguides.uoregon.edu/Television-Studies
107,Cinema Studies,CINE 335: Exhibition & Audiences,https://researchguides.uoregon.edu/CINE335
108,Cinema Studies,CINE 399: Production Studies,https://researchguides.uoregon.edu/CINE399
109,Cinema Studies,"CINE 399: U.S. Independent Cinema (Steinhart, Winter 2018)",https://researchguides.uoregon.edu/cine_399
110,Cinema Studies,CINE 410/510: Stars and Performance,https://researchguides.uoregon.edu/cine410_510
111,Cinema Studies,ENG 110: Intro to Film & Media (McGuffie),https://researchguides.uoregon.edu/c.php?g=435529
112,Cinema Studies,ENG 265: History of the Motion Picture,https://researchguides.uoregon.edu/ENG265
113,Cinema Studies,ENG 266: History of the Motion Picture,https://researchguides.uoregon.edu/ENG266
114,Cinema Studies,J 387: Media History,https://researchguides.uoregon.edu/J387
115,Cinema Studies,J 412/512: U.S. Film Industry,https://researchguides.uoregon.edu/j412_512
116,Cinema Studies,J 412: Media Sexualities,https://researchguides.uoregon.edu/J412
117,Cinema Studies,J 496: Copyright & Media,https://researchguides.uoregon.edu/J496
118,Classics,Ancient History,https://researchguides.uoregon.edu/ancient-history
119,Classics,Art History & Architecture History,https://researchguides.uoregon.edu/art-history
120,Classics,Classics,https://researchguides.uoregon.edu/classics
121,Classics,Finding Images,https://researchguides.uoregon.edu/images
122,Classics,Special Collections in the Design Library,https://researchguides.uoregon.edu/aaa-special
123,Communication Disorders,Communication Disorders,https://researchguides.uoregon.edu/cds
124,Computer & Information Science,Computer and Information Science,https://researchguides.uoregon.edu/cis
125,Counseling Psychology,Counseling Psychology,https://researchguides.uoregon.edu/counspsych
126,Dance,Dance,https://researchguides.uoregon.edu/dance
127,Economics,Accounting,https://researchguides.uoregon.edu/accounting
128,Economics,Business Analytics,https://researchguides.uoregon.edu/analytics
129,Economics,Economic Privilege,https://researchguides.uoregon.edu/economic-privilege
130,Economics,Economics,https://researchguides.uoregon.edu/Economics
131,Economics,FIG: Risky Business,https://researchguides.uoregon.edu/riskybusiness
132,Education,Deaf Culture,https://researchguides.uoregon.edu/DeafCulture
133,Education,Education,https://researchguides.uoregon.edu/education
134,Environmental Studies,Environmental Studies,https://researchguides.uoregon.edu/Environmental-Studies
135,Environmental Studies,Online Aerial Photography,https://researchguides.uoregon.edu/online-aerial-photography
136,Environmental Studies,Political Science,https://researchguides.uoregon.edu/political-science
137,Environmental Studies,"Sustainable City Year: Redmond, OR",https://researchguides.uoregon.edu/sustainableredmond
138,Environmental Studies,INTL 280: Global Environmental Issues,https://researchguides.uoregon.edu/INTL_280
139,Environmental Studies,PS 297: Environmental Politics & Policy,https://researchguides.uoregon.edu/ps297
140,Ethnic Studies,African-American History,https://researchguides.uoregon.edu/african-american-history
141,Ethnic Studies,Diversity Research,https://researchguides.uoregon.edu/diversity
142,Ethnic Studies,Ethnic Studies,https://researchguides.uoregon.edu/ethnicstudies
143,Ethnic Studies,Latina/o History,https://researchguides.uoregon.edu/latino-history
144,Ethnic Studies,Oregon's Latino Roots,https://researchguides.uoregon.edu/oregons-latino-roots
145,Ethnic Studies,FIG: Social Progress Social Change,https://researchguides.uoregon.edu/socialprogress
146,Family/Human Services,Family and Human Services,https://researchguides.uoregon.edu/FHS
147,Family/Human Services,Transgender Studies & Cisgender Privilege,https://researchguides.uoregon.edu/transgender-resources
148,Folklore,Folklore Studies,https://researchguides.uoregon.edu/Folklore-Studies
149,Food Studies,Food Studies,https://researchguides.uoregon.edu/food
150,Food Studies,ANTH 341: Food Origins,https://researchguides.uoregon.edu/foodorigins
151,Geography,Country Profiles,https://researchguides.uoregon.edu/countryprofiles
152,Geography,Food Studies,https://researchguides.uoregon.edu/food
153,Geography,Geography,https://researchguides.uoregon.edu/Geography
154,Geography,Online Aerial Photography,https://researchguides.uoregon.edu/online-aerial-photography
155,Geography,FIG: Urban Garden,https://researchguides.uoregon.edu/FIG_urbangarden
156,Geography,GEOG 202: Europe,https://researchguides.uoregon.edu/GEOG202
157,Geological Sciences,Earth & Geological Sciences,https://researchguides.uoregon.edu/geological-sciences
158,German and Scandinavian Studies,Country Profiles,https://researchguides.uoregon.edu/countryprofiles
159,German and Scandinavian Studies,German Cinema,https://researchguides.uoregon.edu/german_cinema
160,German and Scandinavian Studies,German Language and Literature,https://researchguides.uoregon.edu/german
161,German and Scandinavian Studies,Medieval Studies,https://researchguides.uoregon.edu/medieval-studies
162,German and Scandinavian Studies,Special Collections in the Design Library,https://researchguides.uoregon.edu/aaa-special
163,Government Information,Government Information - U.S. Congress,https://researchguides.uoregon.edu/congress
164,Grants / Foundations,Grants/Foundations,https://researchguides.uoregon.edu/grants
165,Historic Preservation,Architecture of the University of Oregon,https://researchguides.uoregon.edu/university-oregon-architecture
166,Historic Preservation,Art History & Architecture History,https://researchguides.uoregon.edu/art-history
167,Historic Preservation,Finding Images,https://researchguides.uoregon.edu/images
168,Historic Preservation,Historic Knight Library: Art & Architecture,https://researchguides.uoregon.edu/historic-knight
169,Historic Preservation,Historic Preservation,https://researchguides.uoregon.edu/historic-preservation
170,Historic Preservation,Online Aerial Photography,https://researchguides.uoregon.edu/online-aerial-photography
171,Historic Preservation,Special Collections in the Design Library,https://researchguides.uoregon.edu/aaa-special
172,History,African History,https://researchguides.uoregon.edu/african-history
173,History,African-American History,https://researchguides.uoregon.edu/african-american-history
174,History,Ancient History,https://researchguides.uoregon.edu/ancient-history
175,History,Architecture of the University of Oregon,https://researchguides.uoregon.edu/university-oregon-architecture
176,History,Clark Honors College Research Guide,https://researchguides.uoregon.edu/honors-college
177,History,East Asian History,https://researchguides.uoregon.edu/east-asian-history
178,History,Finding Primary Sources,https://researchguides.uoregon.edu/primary_sources
179,History,Historic Knight Library: Art & Architecture,https://researchguides.uoregon.edu/historic-knight
180,History,History,https://researchguides.uoregon.edu/history
181,History,Latin American History,https://researchguides.uoregon.edu/latin-american-history
182,History,Latina/o History,https://researchguides.uoregon.edu/latino-history
183,History,Medieval Studies,https://researchguides.uoregon.edu/medieval-studies
184,History,Oregon History,https://researchguides.uoregon.edu/oregon-history
185,History,Oregon's Latino Roots,https://researchguides.uoregon.edu/oregons-latino-roots
186,History,Russian and Eastern European History,https://researchguides.uoregon.edu/russian-eastern-european-history
187,History,South Asian History,https://researchguides.uoregon.edu/south-asian-history
188,History,U.S. History,https://researchguides.uoregon.edu/united-states-history
189,History,Western European History,https://researchguides.uoregon.edu/western-european-history
190,History,HIST 407/507: U.S. Business in Asia,https://researchguides.uoregon.edu/us-business-in-asia
191,History,HIST 407: Latin America during the Cold War,https://researchguides.uoregon.edu/hist-407-latin-america-cold-war
192,History,"HIST 407: The South African War, 1899-1902",https://researchguides.uoregon.edu/south-african-war
193,Human Physiology,Human Physiology (HPHY),https://researchguides.uoregon.edu/HPHY
194,Human Physiology,Using Interlibrary Loan for HPHY journal articles,https://researchguides.uoregon.edu/HPHY-ILL
195,Interior Architecture,Architecture of the University of Oregon,https://researchguides.uoregon.edu/university-oregon-architecture
196,Interior Architecture,Art History & Architecture History,https://researchguides.uoregon.edu/art-history
197,Interior Architecture,Finding Images,https://researchguides.uoregon.edu/images
198,Interior Architecture,Historic Knight Library: Art & Architecture,https://researchguides.uoregon.edu/historic-knight
199,Interior Architecture,Interior Architecture,https://researchguides.uoregon.edu/interior-arch
200,Interior Architecture,Special Collections in the Design Library,https://researchguides.uoregon.edu/aaa-special
201,International Studies,African History,https://researchguides.uoregon.edu/african-history
202,International Studies,Country Profiles,https://researchguides.uoregon.edu/countryprofiles
203,International Studies,East Asian History,https://researchguides.uoregon.edu/east-asian-history
204,International Studies,Global Health,https://researchguides.uoregon.edu/globalhealth
205,International Studies,International Studies,https://researchguides.uoregon.edu/international-studies
206,International Studies,Latin American History,https://researchguides.uoregon.edu/latin-american-history
207,International Studies,Political Science,https://researchguides.uoregon.edu/political-science
208,International Studies,Russian and Eastern European History,https://researchguides.uoregon.edu/russian-eastern-european-history
209,International Studies,South Asian History,https://researchguides.uoregon.edu/south-asian-history
210,International Studies,Spanish and Portuguese Literature,https://researchguides.uoregon.edu/spanish-portuguese-literature
211,International Studies,Western European History,https://researchguides.uoregon.edu/western-european-history
212,International Studies,FIG: Exploring Africa,https://researchguides.uoregon.edu/exploringafrica
213,International Studies,FIG: International Outlook,https://researchguides.uoregon.edu/FIG_international
214,International Studies,INTL 240: Perspectives on International Development,https://researchguides.uoregon.edu/INTL240
215,International Studies,INTL 280: Global Environmental Issues,https://researchguides.uoregon.edu/INTL_280
216,International Studies,INTL 422/522: Aid to Developing Countries,https://researchguides.uoregon.edu/INTL422/522
217,International Studies,INTL 446/546: Development and Social Change in Latin America,https://researchguides.uoregon.edu/INTL446/546
218,International Studies,PS 324: European Politics,https://researchguides.uoregon.edu/PS324
219,International Studies,PS 346: Terrorism and Weapons of Mass Destruction,https://researchguides.uoregon.edu/PS346
220,Journalism & Communication,Cinema Studies,https://researchguides.uoregon.edu/cinema_studies
221,Journalism & Communication,Fake News and Information Literacy,https://researchguides.uoregon.edu/fakenews
222,Journalism & Communication,Finding Newspaper Resources,https://researchguides.uoregon.edu/newspapers
223,Journalism & Communication,Journalism and Communication,https://researchguides.uoregon.edu/journalism
224,Journalism & Communication,Media Studies,https://researchguides.uoregon.edu/mediastudies
225,Journalism & Communication,Oregon's Latino Roots,https://researchguides.uoregon.edu/oregons-latino-roots
226,Journalism & Communication,Public Relations and Advertising Research,https://researchguides.uoregon.edu/pr-advertising
227,Journalism & Communication,Sports Journalism and Research,https://researchguides.uoregon.edu/sports-journalism
228,Journalism & Communication,Television Studies,https://researchguides.uoregon.edu/Television-Studies
229,Journalism & Communication,CINE 399: Production Studies,https://researchguides.uoregon.edu/CINE399
230,Journalism & Communication,CINE 410/510: Stars and Performance,https://researchguides.uoregon.edu/cine410_510
231,Journalism & Communication,Gateway to Media,https://researchguides.uoregon.edu/gateway
232,Journalism & Communication,J 385: Communication Law,https://researchguides.uoregon.edu/communication-law
233,Journalism & Communication,J 387: Media History,https://researchguides.uoregon.edu/J387
234,Journalism & Communication,J 412/512: U.S. Film Industry,https://researchguides.uoregon.edu/j412_512
235,Journalism & Communication,J 412: Media Sexualities,https://researchguides.uoregon.edu/J412
236,Journalism & Communication,J 496: Copyright & Media,https://researchguides.uoregon.edu/J496
237,Judaic Studies,Judaism,https://researchguides.uoregon.edu/judaic
238,Landscape Architecture,Architecture of the University of Oregon,https://researchguides.uoregon.edu/university-oregon-architecture
239,Landscape Architecture,Art History & Architecture History,https://researchguides.uoregon.edu/art-history
240,Landscape Architecture,Finding Images,https://researchguides.uoregon.edu/images
241,Landscape Architecture,Historic Knight Library: Art & Architecture,https://researchguides.uoregon.edu/historic-knight
242,Landscape Architecture,Landscape Architecture,https://researchguides.uoregon.edu/landscape-architecture
243,Landscape Architecture,Online Aerial Photography,https://researchguides.uoregon.edu/online-aerial-photography
244,Landscape Architecture,FIG: Urban Garden,https://researchguides.uoregon.edu/FIG_urbangarden
245,Latin American Studies,Country Profiles,https://researchguides.uoregon.edu/countryprofiles
246,Latin American Studies,Latin American History,https://researchguides.uoregon.edu/latin-american-history
247,Latin American Studies,Latin American Studies,https://researchguides.uoregon.edu/latin-american-studies
248,Latin American Studies,Latina/o History,https://researchguides.uoregon.edu/latino-history
249,Latin American Studies,Spanish and Portuguese Literature,https://researchguides.uoregon.edu/spanish-portuguese-literature
250,Latin American Studies,HIST 407: Latin America during the Cold War,https://researchguides.uoregon.edu/hist-407-latin-america-cold-war
251,Law,Frohnmayer Leadership Law Library Collection,https://researchguides.uoregon.edu/leadership
252,Law,Government Information - U.S. Congress,https://researchguides.uoregon.edu/congress
253,Law,Law - Indian & Tribal Legal Research,https://researchguides.uoregon.edu/indian-law
254,Law,"Law - United States, General",https://researchguides.uoregon.edu/law-research
255,Law,Learning Outcomes and Assessment,https://researchguides.uoregon.edu/learning-outcomes-and-assessment
256,Law,LL.M. Research Guide,https://researchguides.uoregon.edu/LLM
257,Law,Oregon Legislative History Research,https://researchguides.uoregon.edu/orleghist
258,Law,ORIL: Research Skills,https://researchguides.uoregon.edu/c.php?g=734837
259,Law,Sports Business Law,https://researchguides.uoregon.edu/sportslaw
260,Law,Tax Policy,https://researchguides.uoregon.edu/law607taxpolicy
261,Law,The U.S. Constitution,https://researchguides.uoregon.edu/constitution
262,Law,CRES 632: Research Methods,https://researchguides.uoregon.edu/cres
263,Law,"HC 431H: Legal Research Guide for Mariners, Ships, Wine and Law in the Middle Ages",https://researchguides.uoregon.edu/legalhistory/problemsolving-HC431H
264,Law,J 385: Communication Law,https://researchguides.uoregon.edu/communication-law
265,Library Science,Library Science Research Guide,https://researchguides.uoregon.edu/library-science
266,Linguistics,Language Teaching,https://researchguides.uoregon.edu/LanguageTeaching
267,Linguistics,Language Tools,https://researchguides.uoregon.edu/languagetools
268,Linguistics,Linguistics,https://researchguides.uoregon.edu/linguistics
269,Linguistics,LING 201: Language and Power,https://researchguides.uoregon.edu/LING201
270,Literature/ Literary Criticism,American Literature/Criticism,https://researchguides.uoregon.edu/american
271,Literature/ Literary Criticism,Clark Honors College Research Guide,https://researchguides.uoregon.edu/honors-college
272,Literature/ Literary Criticism,Comics & Cartoon Studies,https://researchguides.uoregon.edu/comics-cartoons
273,Literature/ Literary Criticism,English Literature/Criticism,https://researchguides.uoregon.edu/english
274,Literature/ Literary Criticism,Ethnic Studies,https://researchguides.uoregon.edu/ethnicstudies
275,Literature/ Literary Criticism,Finding Primary Sources,https://researchguides.uoregon.edu/primary_sources
276,Literature/ Literary Criticism,Medieval Studies,https://researchguides.uoregon.edu/medieval-studies
277,Literature/ Literary Criticism,Shakespeare,https://researchguides.uoregon.edu/shakespeare
278,Literature/ Literary Criticism,Spanish and Portuguese Literature,https://researchguides.uoregon.edu/spanish-portuguese-literature
279,Marine Biology,Marine Biology Resources,https://researchguides.uoregon.edu/marine_biology
280,Marine Biology,Oregon Estuarine Invertebrates: Rudys' Illustrated Guide to Common Species (Third Edition),https://researchguides.uoregon.edu/oei
281,Mathematics,Mathematics,https://researchguides.uoregon.edu/math
282,Medicine/Health,Global Health,https://researchguides.uoregon.edu/globalhealth
283,Medieval Studies,Medieval Studies,https://researchguides.uoregon.edu/medieval-studies
284,Medieval Studies,HC 221H: The Arts of Pilgrimage in the Middle Ages,https://researchguides.uoregon.edu/HC221-arts-pilgrimage
285,Museum Studies,Arts and Administration,https://researchguides.uoregon.edu/aad
286,Museum Studies,Finding Images,https://researchguides.uoregon.edu/images
287,Museum Studies,Museum Studies,https://researchguides.uoregon.edu/museums
288,Music,Baroque Music,https://researchguides.uoregon.edu/baroquemusic
289,Music,Bassoon,https://researchguides.uoregon.edu/bassoon
290,Music,Brass Instruments,https://researchguides.uoregon.edu/brass
291,Music,Clarinet,https://researchguides.uoregon.edu/clarinet
292,Music,Composition,https://researchguides.uoregon.edu/composition
293,Music,Conducting,https://researchguides.uoregon.edu/conducting
294,Music,Dance,https://researchguides.uoregon.edu/dance
295,Music,Flute,https://researchguides.uoregon.edu/flute
296,Music,Historical Performance Practice,https://researchguides.uoregon.edu/hpp
297,Music,Jazz Pedagogy,https://researchguides.uoregon.edu/jazzpedagogy
298,Music,Jazz Performance,https://researchguides.uoregon.edu/jazz
299,Music,Music,https://researchguides.uoregon.edu/music
300,Music,Oboe,https://researchguides.uoregon.edu/oboe
301,Music,Percussion,https://researchguides.uoregon.edu/percussion
302,Music,Saxophone,https://researchguides.uoregon.edu/saxophone
303,Music,Women in Music,https://researchguides.uoregon.edu/women-in-music
304,Neuroscience,Neuroscience,https://researchguides.uoregon.edu/Neuroscience
305,Philosophy,Medieval Studies,https://researchguides.uoregon.edu/medieval-studies
306,Philosophy,Philosophy,https://researchguides.uoregon.edu/Philosophy
307,Physics,Physics,https://researchguides.uoregon.edu/physics
308,Planning & Public Policy,American Policy Directory,https://researchguides.uoregon.edu/american-policy-directory
309,Planning & Public Policy,Bicycle Transportation Planning,https://researchguides.uoregon.edu/bicycle
310,Planning & Public Policy,Nonprofit Organizations,https://researchguides.uoregon.edu/nonprofits
311,Planning & Public Policy,Online Aerial Photography,https://researchguides.uoregon.edu/online-aerial-photography
312,Planning & Public Policy,Oregon Policy Directory,https://researchguides.uoregon.edu/oregon-policy-directory
313,Planning & Public Policy,Planning,https://researchguides.uoregon.edu/planning
314,Planning & Public Policy,"Planning, Public Policy and Management",https://researchguides.uoregon.edu/PPPM
315,Planning & Public Policy,Political Science,https://researchguides.uoregon.edu/political-science
316,Planning & Public Policy,Sustainable Cities,https://researchguides.uoregon.edu/sustainablecities
317,Planning & Public Policy,"Sustainable City Year: La Pine, OR",https://researchguides.uoregon.edu/LaPine
318,Planning & Public Policy,"Sustainable City Year: Redmond, OR",https://researchguides.uoregon.edu/sustainableredmond
319,Planning & Public Policy,The State of Black Oregon,https://researchguides.uoregon.edu/state_black_oregon
320,Planning & Public Policy,US Public Policy Research,https://researchguides.uoregon.edu/USPolicyResearch
321,Planning & Public Policy,PS 302: States' Rights (and Wrongs),https://researchguides.uoregon.edu/ps302
322,Political Science,Government Information - U.S. Congress,https://researchguides.uoregon.edu/congress
323,Political Science,Political Science,https://researchguides.uoregon.edu/political-science
324,Political Science,The U.S. Constitution,https://researchguides.uoregon.edu/constitution
325,Political Science,FIG: International Outlook,https://researchguides.uoregon.edu/FIG_international
326,Political Science,PS 297: Environmental Politics & Policy,https://researchguides.uoregon.edu/ps297
327,Political Science,PS 302: States' Rights (and Wrongs),https://researchguides.uoregon.edu/ps302
328,Political Science,PS 324: European Politics,https://researchguides.uoregon.edu/PS324
329,Political Science,PS 342: Politics of China,https://researchguides.uoregon.edu/PS342
330,Political Science,PS 346: Terrorism and Weapons of Mass Destruction,https://researchguides.uoregon.edu/PS346
331,Product Design,Finding Images,https://researchguides.uoregon.edu/images
332,Product Design,Product Design,https://researchguides.uoregon.edu/product-design
333,Psychology,Psychology,https://researchguides.uoregon.edu/psychology
334,Psychology,PSY 472: Psychology of Trauma,https://researchguides.uoregon.edu/trauma
335,Psychology,PSY 607: Graduate Seminar,https://researchguides.uoregon.edu/psy607
336,Religious Studies,Medieval Studies,https://researchguides.uoregon.edu/medieval-studies
337,Religious Studies,Religious Studies,https://researchguides.uoregon.edu/religion
338,Religious Studies,Judaism,https://researchguides.uoregon.edu/judaic
339,Religious Studies,REL 410/510: Death and the Afterlife in East Asia,https://researchguides.uoregon.edu/rel407
340,Romance Languages,French Language and Literature Research Guide,https://researchguides.uoregon.edu/french
341,Romance Languages,Italian Language and Literature Research Guide,https://researchguides.uoregon.edu/Italian
342,Romance Languages,Language Tools,https://researchguides.uoregon.edu/languagetools
343,Romance Languages,Latin American Studies,https://researchguides.uoregon.edu/latin-american-studies
344,Romance Languages,Spanish and Portuguese Literature,https://researchguides.uoregon.edu/spanish-portuguese-literature
345,Romance Languages,Special Collections in the Design Library,https://researchguides.uoregon.edu/aaa-special
346,Romance Languages,SPAN 353: Introduction to Narrative,https://researchguides.uoregon.edu/span353-intro-to-narrative
347,"Russian, East European, and Eurasian Studies","Russian, East European, and Eurasian Studies",https://researchguides.uoregon.edu/reees
348,Sociology,Ethnic Studies,https://researchguides.uoregon.edu/ethnicstudies
349,Sociology,Sociology,https://researchguides.uoregon.edu/sociology
350,Sociology,FIG: Social Progress Social Change,https://researchguides.uoregon.edu/socialprogress
351,Sociology,SOC 445/545: Sociology of Race and Ethnicity: Getting the Big Picture,https://researchguides.uoregon.edu/soc445
352,Southeast Asian Studies,Country Profiles,https://researchguides.uoregon.edu/countryprofiles
353,Statistical Information,Finding Data & Statistics,https://researchguides.uoregon.edu/data-stats
354,Theater Arts,Arts and Administration,https://researchguides.uoregon.edu/aad
355,Theater Arts,Dance,https://researchguides.uoregon.edu/dance
356,Theater Arts,Finding Images,https://researchguides.uoregon.edu/images
357,Theater Arts,Shakespeare,https://researchguides.uoregon.edu/shakespeare
358,Theater Arts,Special Collections in the Design Library,https://researchguides.uoregon.edu/aaa-special
359,Theater Arts,Theater Arts,https://researchguides.uoregon.edu/theater
360,Women's & Gender Studies,Diversity Research,https://researchguides.uoregon.edu/diversity
361,Women's & Gender Studies,Heterosexism,https://researchguides.uoregon.edu/heterosexism-sources
362,Women's & Gender Studies,Oregon Lesbian Land Manuscript Collections in Special Collections,https://researchguides.uoregon.edu/lesbian-lands
363,Women's & Gender Studies,Queer Cinema,https://researchguides.uoregon.edu/queer_cinema
364,Women's & Gender Studies,Transgender Studies & Cisgender Privilege,https://researchguides.uoregon.edu/transgender-resources
365,Women's & Gender Studies,Women's and Gender Studies Research Guide,https://researchguides.uoregon.edu/women-gender
366,Women's & Gender Studies,"Women, Gender, and Sexuality in Special Collections",https://researchguides.uoregon.edu/scua-women
367,Women's & Gender Studies,J 412: Media Sexualities,https://researchguides.uoregon.edu/J412
