,Category,Subject,Link
0,Business; Economics,Accounting,http://guides.library.uq.edu.au/accounting
1,Business; Economics,Economics,http://guides.library.uq.edu.au/economics
2,Business; Economics,Event Management,http://guides.library.uq.edu.au/eventmanagement
3,Business; Economics,Finance,http://guides.library.uq.edu.au/finance
4,Business; Economics,International Business,http://guides.library.uq.edu.au/internationalbusiness
5,Business; Economics,Management,http://guides.library.uq.edu.au/management
6,Business; Economics,Marketing,http://guides.library.uq.edu.au/marketing
7,Business; Economics,Tourism & Hospitality,http://guides.library.uq.edu.au/tourism
8,Business; Economics,UQ College Resources,http://guides.library.uq.edu.au/uqcollege
9,Engineering; Architecture; Information Technology,Architecture,http://guides.library.uq.edu.au/arch
10,Engineering; Architecture; Information Technology,Chemical Engineering,http://guides.library.uq.edu.au/chemeng
11,Engineering; Architecture; Information Technology,Civil Engineering,http://guides.library.uq.edu.au/civleng
12,Engineering; Architecture; Information Technology,Computer Science,http://guides.library.uq.edu.au/computerscience
13,Engineering; Architecture; Information Technology,Electrical Engineering,http://guides.library.uq.edu.au/elec
14,Engineering; Architecture; Information Technology,Environmental Science,http://guides.library.uq.edu.au/environmental-science
15,Engineering; Architecture; Information Technology,Materials Science and Engineering,http://guides.library.uq.edu.au/materialseng
16,Engineering; Architecture; Information Technology,Mechanical and Aerospace Engineering,http://guides.library.uq.edu.au/mecheng
17,Engineering; Architecture; Information Technology,Mining and Metallurgical Engineering,http://guides.library.uq.edu.au/mining
18,Health; Behavioural Sciences,Bioinformatics,http://guides.library.uq.edu.au/bioinformatics
19,Health; Behavioural Sciences,Counselling,http://guides.library.uq.edu.au/counselling
20,Health; Behavioural Sciences,Dentistry and Oral Health,http://guides.library.uq.edu.au/dentistry
21,Health; Behavioural Sciences,Food Science and Nutrition,http://guides.library.uq.edu.au/food-science
22,Health; Behavioural Sciences,Human Movement,http://guides.library.uq.edu.au/human-movement
23,Health; Behavioural Sciences,Nursing and Midwifery,http://guides.library.uq.edu.au/nursing-midwifery
24,Health; Behavioural Sciences,Occupational Therapy,http://guides.library.uq.edu.au/octy
25,Health; Behavioural Sciences,Parasitology,http://guides.library.uq.edu.au/parasitology
26,Health; Behavioural Sciences,Pharmacy and Pharmacology,http://guides.library.uq.edu.au/pharmacy-and-pharmacology
27,Health; Behavioural Sciences,Physiotherapy,http://guides.library.uq.edu.au/physio
28,Health; Behavioural Sciences,Psychology,http://guides.library.uq.edu.au/psychology
29,Health; Behavioural Sciences,Social & Public Policy,http://guides.library.uq.edu.au/social_policy
30,Health; Behavioural Sciences,Social Work and Human Services,http://guides.library.uq.edu.au/social_work
31,Health; Behavioural Sciences,Social Work and the Law,http://guides.library.uq.edu.au/social-work-law
32,Health; Behavioural Sciences,Speech Pathology and Audiology,http://guides.library.uq.edu.au/speech-audio
33,Humanities,Art History,http://guides.library.uq.edu.au/arthistory
34,Humanities,Australian Art History,http://guides.library.uq.edu.au/australian_art_history
35,Humanities,Chinese Studies,http://guides.library.uq.edu.au/chinese
36,Humanities,Classics & Ancient History,http://guides.library.uq.edu.au/classics
37,Humanities,Drama,http://guides.library.uq.edu.au/drama
38,Humanities,Ethnomusicology,http://guides.library.uq.edu.au/ethnomusicology
39,Humanities,French Studies,http://guides.library.uq.edu.au/french
40,Humanities,German Studies,http://guides.library.uq.edu.au/german
41,Humanities,History,http://guides.library.uq.edu.au/history
42,Humanities,History: Asia,http://guides.library.uq.edu.au/history-asia
43,Humanities,History: Australia,http://guides.library.uq.edu.au/history-australia
44,Humanities,History: Europe,http://guides.library.uq.edu.au/history-europe
45,Humanities,History: United States,http://guides.library.uq.edu.au/history-america
46,Humanities,Indonesian Studies,http://guides.library.uq.edu.au/indonesian
47,Humanities,Japanese Studies,http://guides.library.uq.edu.au/japanese
48,Humanities,Journalism & Communication,http://guides.library.uq.edu.au/journalism-communication
49,Humanities,Korean Studies,http://guides.library.uq.edu.au/korean
50,Humanities,Linguistics,http://guides.library.uq.edu.au/linguistics
51,Humanities,"Literature, Australian",http://guides.library.uq.edu.au/literature_australian
52,Humanities,"Literature, English",http://guides.library.uq.edu.au/literature_english
53,Humanities,Museum Studies,http://guides.library.uq.edu.au/museum-studies
54,Humanities,Music Performance,http://guides.library.uq.edu.au/music_performance
55,Humanities,Musicology,http://guides.library.uq.edu.au/musicology
56,Humanities,Philosophy,http://guides.library.uq.edu.au/philosophy
57,Humanities,Photography,http://guides.library.uq.edu.au/photography
58,Humanities,Popular Music,http://guides.library.uq.edu.au/popular-music
59,Humanities,Religion,http://guides.library.uq.edu.au/religion
60,Humanities,Russian Studies,http://guides.library.uq.edu.au/russian
61,Humanities,Sound Production,http://guides.library.uq.edu.au/sound-production
62,Humanities,Spanish and Latin American Studies,http://guides.library.uq.edu.au/spanish
63,Law,Administrative Law,http://guides.library.uq.edu.au/administrative-law
64,Law,Australian Guide to Legal Citation,http://guides.library.uq.edu.au/AGLC3
65,Law,Comparative and Foreign Law,http://guides.library.uq.edu.au/comparative
66,Law,Contract Law,http://guides.library.uq.edu.au/contract-law
67,Law,Criminal Law,http://guides.library.uq.edu.au/criminal-law
68,Law,Criminology,http://guides.library.uq.edu.au/criminology
69,Law,Environmental Law,http://guides.library.uq.edu.au/environmental-law
70,Law,Family Law,http://guides.library.uq.edu.au/family-law
71,Law,Intellectual Property Law,http://guides.library.uq.edu.au/intellectualproperty
72,Law,International Law,http://guides.library.uq.edu.au/international-law
73,Law,Legal Research Guide,http://guides.library.uq.edu.au/legal-research-guide
74,Law,Maritime Law,http://guides.library.uq.edu.au/maritime-law
75,Law,Migration and refugee law,http://guides.library.uq.edu.au/migration-and-refugee-law
76,Law,Mooting and advocacy,http://guides.library.uq.edu.au/mooting
77,Law,Native Title Law,http://guides.library.uq.edu.au/native-title
78,Law,Occupational Health and Safety Law,http://guides.library.uq.edu.au/ohsl
79,Law,Social Work and the Law,http://guides.library.uq.edu.au/social-work-law
80,Law,Taxation Law,http://guides.library.uq.edu.au/taxation-law
81,Medicine; Biomedical Sciences,Anatomy,http://guides.library.uq.edu.au/anatomy
82,Medicine; Biomedical Sciences,Bioinformatics,http://guides.library.uq.edu.au/bioinformatics
83,Medicine; Biomedical Sciences,Food Science and Nutrition,http://guides.library.uq.edu.au/food-science
84,Medicine; Biomedical Sciences,Medicine,http://guides.library.uq.edu.au/medicine
85,Medicine; Biomedical Sciences,Neuroscience,http://guides.library.uq.edu.au/neuroscience
86,Medicine; Biomedical Sciences,Physiology,http://guides.library.uq.edu.au/physiology
87,Medicine; Biomedical Sciences,Public Health,http://guides.library.uq.edu.au/Population-Health
88,Science,Agribusiness,http://guides.library.uq.edu.au/subject-guide/agribusiness
89,Science,Agriculture,http://guides.library.uq.edu.au/agriculture
90,Science,Agronomy & Horticulture,http://guides.library.uq.edu.au/subject-guides/agronomy-and-horticulture
91,Science,Anatomy,http://guides.library.uq.edu.au/anatomy
92,Science,Animals and Wildlife,http://guides.library.uq.edu.au/animals-and-wildlife
93,Science,Biochemistry,http://guides.library.uq.edu.au/biochem
94,Science,Bioinformatics,http://guides.library.uq.edu.au/bioinformatics
95,Science,Biotechnology,http://guides.library.uq.edu.au/subject/biotech
96,Science,Botany,http://guides.library.uq.edu.au/botany
97,Science,Chemistry,http://guides.library.uq.edu.au/chem
98,Science,Earth Sciences,http://guides.library.uq.edu.au/earth-sciences
99,Science,Entomology,http://guides.library.uq.edu.au/entomology
100,Science,Environmental Science,http://guides.library.uq.edu.au/environmental-science
101,Science,Food Science and Nutrition,http://guides.library.uq.edu.au/food-science
102,Science,Geographical Sciences,http://guides.library.uq.edu.au/geogsci
103,Science,Harvard Gatton referencing style,http://guides.library.uq.edu.au/referencing/Harvard-Gatton
104,Science,Marine Science,http://guides.library.uq.edu.au/marine-science
105,Science,Mathematics,http://guides.library.uq.edu.au/maths
106,Science,Microbiology,http://guides.library.uq.edu.au/microbiology
107,Science,Neuroscience,http://guides.library.uq.edu.au/neuroscience
108,Science,Occupational Health and Safety Science,http://guides.library.uq.edu.au/ohss
109,Science,Parasitology,http://guides.library.uq.edu.au/parasitology
110,Science,Physics & Astrophysics,http://guides.library.uq.edu.au/physics
111,Science,Physiology,http://guides.library.uq.edu.au/physiology
112,Science,Planning : Urban and Regional,http://guides.library.uq.edu.au/planning
113,Science,UQ Australian Veterinary Journal referencing style,http://guides.library.uq.edu.au/referencing/UQ-AVJ
114,Science,Veterinary Science,http://guides.library.uq.edu.au/vet-science
115,Science,Zoology,http://guides.library.uq.edu.au/zoology
116,Social Sciences,Aboriginal and Torres Strait Islander Studies,http://guides.library.uq.edu.au/aboriginal-and-torres-strait-islander-studies
117,Social Sciences,Anthropology,http://guides.library.uq.edu.au/anthropology
118,Social Sciences,Archaeology,http://guides.library.uq.edu.au/archaeology
119,Social Sciences,Australian Government,http://guides.library.uq.edu.au/austgov
120,Social Sciences,Children's Literature,http://guides.library.uq.edu.au/childrenslit
121,Social Sciences,Community Development,http://guides.library.uq.edu.au/community-development
122,Social Sciences,Criminology,http://guides.library.uq.edu.au/criminology
123,Social Sciences,Education,http://guides.library.uq.edu.au/education
124,Social Sciences,Education -- Teaching,http://guides.library.uq.edu.au/education_teaching
125,Social Sciences,Gender Studies,http://guides.library.uq.edu.au/gender-studies
126,Social Sciences,International Relations,http://guides.library.uq.edu.au/int_relations
127,Social Sciences,Links for secondary school teachers,http://guides.library.uq.edu.au/secondary-schools/cyberschool-teachers
128,Social Sciences,Media Studies (Film and TV),http://guides.library.uq.edu.au/media-studies
129,Social Sciences,Museum Studies,http://guides.library.uq.edu.au/museum-studies
130,Social Sciences,Music Education,http://guides.library.uq.edu.au/music_education
131,Social Sciences,Peace and Conflict Studies,http://guides.library.uq.edu.au/peace_and_conflict
132,Social Sciences,Political Science,http://guides.library.uq.edu.au/political_science
133,Social Sciences,Psychology,http://guides.library.uq.edu.au/psychology
134,Social Sciences,Social & Public Policy,http://guides.library.uq.edu.au/social_policy
135,Social Sciences,Sociology,http://guides.library.uq.edu.au/sociology
136,Social Sciences,Special Education,http://guides.library.uq.edu.au/special_education
137,Social Sciences,UQ College Resources,http://guides.library.uq.edu.au/uqcollege
